,Id,RegionName,State,1996-04,1996-05,1996-06,1996-07,1996-08,1996-09,1996-10,1996-11,1996-12,1997-01,1997-02,1997-03,1997-04,1997-05,1997-06,1997-07,1997-08,1997-09,1997-10,1997-11,1997-12,1998-01,1998-02,1998-03,1998-04,1998-05,1998-06,1998-07,1998-08,1998-09,1998-10,1998-11,1998-12,1999-01,1999-02,1999-03,1999-04,1999-05,1999-06,1999-07,1999-08,1999-09,1999-10,1999-11,1999-12,2000-01,2000-02,2000-03,2000-04,2000-05,2000-06,2000-07,2000-08,2000-09,2000-10,2000-11,2000-12,2001-01,2001-02,2001-03,2001-04,2001-05,2001-06,2001-07,2001-08,2001-09,2001-10,2001-11,2001-12,2002-01,2002-02,2002-03,2002-04,2002-05,2002-06,2002-07,2002-08,2002-09,2002-10,2002-11,2002-12,2003-01,2003-02,2003-03,2003-04,2003-05,2003-06,2003-07,2003-08,2003-09,2003-10,2003-11,2003-12,2004-01,2004-02,2004-03,2004-04,2004-05,2004-06,2004-07,2004-08,2004-09,2004-10,2004-11,2004-12,2005-01,2005-02,2005-03,2005-04,2005-05,2005-06,2005-07,2005-08,2005-09,2005-10,2005-11,2005-12,2006-01,2006-02,2006-03,2006-04,2006-05,2006-06,2006-07,2006-08,2006-09,2006-10,2006-11,2006-12,2007-01,2007-02,2007-03,2007-04,2007-05,2007-06,2007-07,2007-08,2007-09,2007-10,2007-11,2007-12,2008-01,2008-02,2008-03,2008-04,2008-05,2008-06,2008-07,2008-08,2008-09,2008-10,2008-11,2008-12,2009-01,2009-02,2009-03,2009-04,2009-05,2009-06,2009-07,2009-08,2009-09,2009-10,2009-11,2009-12,2010-01,2010-02,2010-03,2010-04,2010-05,2010-06,2010-07,2010-08,2010-09,2010-10,2010-11,2010-12,2011-01,2011-02,2011-03,2011-04,2011-05,2011-06,2011-07,2011-08,2011-09,2011-10,2011-11,2011-12,2012-01,2012-02,2012-03,2012-04,2012-05,2012-06,2012-07,2012-08,2012-09,2012-10,2012-11,2012-12,2013-01,2013-02,2013-03,2013-04,2013-05,2013-06,2013-07,2013-08,2013-09,2013-10,2013-11,2013-12,2014-01,2014-02,2014-03,2014-04,2014-05,2014-06,2014-07,2014-08,2014-09,2014-10,2014-11,2014-12,2015-01,2015-02,2015-03,2015-04,2015-05,2015-06,2015-07,2015-08,2015-09,2015-10,2015-11,2015-12,2016-01,2016-02,2016-03,2016-04,2016-05,2016-06,2016-07,2016-08,2016-09,2016-10,2016-11,2016-12,2017-01,2017-02,2017-03,2017-04,2017-05,2017-06,2017-07,2017-08,2017-09,2017-10,2017-11,2017-12,2018-01,2018-02,2018-03,2018-04,2018-05,2018-06,2018-07,2018-08,2018-09,2018-10,2018-11,2018-12,2019-01,Unnamed: 277
0,,Los Angeles,CA,165900,165500,165000,164600,164200,163900,163700,163700,164000,164500,164900,165100,165200,165400,165600,166000,166500,167200,168200,169400,171000,172900,174600,176000,177300,178300,179100,179900,180600,181500,182600,183800,185400,187200,188900,190400,191900,193500,195100,196500,197900,199200,200600,202200,204000,206100,208200,210100,212100,214200,216200,218200,220100,221900,223700,225500,227500,229700,231800,233800,235800,237900,240000,242000,244100,246300,248600,251100,253800,256800,259900,263100,266500,270300,274300,278700,283300,288100,293200,298500,303700,308600,313500,318500,323700,329200,335100,341500,348100,354800,361700,368800,376300,384200,392700,402000,412000,422200,432500,442500,451800,460500,468300,475100,481500,487800,494000,500400,507000,514000,521500,529400,537300,545300,552900,559800,565900,571400,576300,580900,585100,588600,591100,592000,591000,589100,586900,584400,582100,580400,578100,575300,571900,568200,564000,558900,552600,545900,539100,532200,525200,518100,510000,500300,489000,477300,466100,457100,450200,444700,439200,434000,429200,424900,420400,415100,408900,402400,397400,395300,395300,396200,397600,399100,400400,400500,400600,400500,401500,403000,403500,400900,399100,397000,395000,393000,391300,388600,385800,383600,381600,379400,377700,376100,373200,369800,367300,365100,363200,362300,362400,363300,365700,369100,371800,373900,375600,377700,380500,384900,389400,393500,399100,407000,415100,423100,430700,437600,443700,448700,452200,454700,456400,457900,460400,463800,466800,470000,474100,478000,480300,481800,483500,484600,486500,490200,494200,497100,499700,502800,505800,509100,512300,516100,520100,524000,528100,532300,535200,537800,540700,543200,545600,549100,553200,557400,560800,564700,569300,573100,575700,578100,580700,583100,586000,589400,594000,599000,603400,607400,611500,616800,622000,625200,626400,628000,629400,630400,631300,633400,636100,638000,638900,640100,679937.5363
1,,San Diego,CA,177100,176800,176500,176200,176000,176000,176200,176500,177100,177900,178600,179100,179600,180000,180500,181100,182000,183000,184400,186000,188100,190400,192600,194500,196300,198100,199900,201700,203400,205200,207000,208900,211100,213500,215700,217700,219800,221900,224100,226400,228700,231200,233800,236700,240000,243600,247000,250200,253300,256500,259600,262600,265400,268000,270600,273200,276000,279000,282000,285000,287800,290600,293300,295900,298700,301600,304900,308400,312400,316600,321000,325500,330200,335000,340000,345200,350500,356100,361800,367500,373100,378400,383400,388500,393700,399200,405000,411300,418000,425100,432500,440100,448100,456600,465600,475500,486600,498700,511700,524600,536400,546400,554700,560800,565300,568800,571700,574500,576800,578200,578700,578100,576800,575400,574200,573300,572900,573000,573600,574400,575000,575100,574500,572700,569900,567000,564300,561600,559200,556900,553700,549500,544700,540000,535400,530600,525400,520300,515000,509200,502700,495600,487600,478700,469300,460200,451800,444500,438700,434100,429700,425700,422100,418900,415300,410700,405400,400000,395900,394600,395200,396500,398200,400000,402000,403800,404400,404500,405700,407400,408100,407300,405500,402600,399100,396500,392800,388500,386600,386900,386500,384700,381100,377600,375100,372700,371400,370800,370100,370200,370700,371100,372700,375900,379300,381900,384800,389000,393600,398400,403400,407200,411800,419800,428000,435800,444800,452800,458600,462800,464800,465900,468300,471900,475100,476500,477200,478400,481000,484000,485600,487100,489200,491000,492000,493700,496900,499900,502400,505600,509700,513700,516800,519300,521500,524100,528800,534200,537100,538700,541400,543900,545400,547200,549900,553300,557200,561600,565200,567500,569700,572800,577700,583100,587500,590300,593000,596400,599800,602700,606400,612400,618800,622700,623600,623200,623200,624800,627500,628800,629700,631000,631300,630400,618409.155
2,6059.0,Orange,CA,214300,214000,213800,213700,213600,213700,213900,214300,214900,215600,216200,216600,217100,217800,218800,220100,221600,223300,225400,227700,230500,233700,236700,239500,242300,245000,247700,250400,253000,255500,258000,260400,262900,265400,267600,269300,270900,272300,273700,275000,276500,278200,280200,282600,285400,288500,291500,294400,297200,300100,303100,306000,309000,312100,315500,319000,322700,326500,330100,333300,336400,339300,342100,345000,348000,351100,354300,357600,361000,364600,368300,372200,376500,381400,386700,392600,398900,405400,412000,418500,424700,430700,436400,442200,448200,454600,461500,469200,477700,486900,496900,507200,518100,529500,541900,555600,570500,585900,600600,613700,624200,632000,638100,643100,648000,653100,658200,663600,668900,673900,679200,684700,690500,696600,702800,709000,715300,721600,727300,732300,736100,738300,738900,737800,735200,731700,727600,723000,718700,715200,711300,706100,699500,692400,684500,675300,665500,656100,647300,638500,629100,619300,609100,598700,588800,581100,575100,570000,565500,561900,558800,556100,553600,551100,547700,542800,537000,531500,527600,526400,527700,530100,533200,536400,539600,540300,539400,539500,541500,542600,542100,540600,539200,537500,534600,529700,523800,519800,517800,515700,513300,510000,506800,504100,500900,496900,493800,493500,494400,494100,493900,495600,497400,499800,503400,508400,513100,518700,524700,530000,535400,543200,552700,563500,575800,587700,597800,605100,610000,613300,616000,618300,620000,622400,625800,628600,630900,633400,634300,633800,634000,635400,637700,640800,643000,644500,647000,650600,653200,655600,658800,662100,666000,671100,674500,677000,680900,684000,684500,685200,686300,687600,690000,693800,697600,700900,704800,708600,711600,715400,719600,722300,724400,726900,730100,733000,735300,737700,740200,743800,748100,753200,757100,759000,760100,762500,766100,769400,771800,771200,770100,770400,771600,771400,808233.8688
3,6065.0,Riverside,CA,132400,131900,131300,130800,130300,130000,129800,129700,129900,130300,130600,130900,131200,131500,131800,132200,132500,132900,133400,134100,135000,136100,137100,138000,139000,139900,140800,141600,142300,143100,144100,145200,146500,148100,149500,150800,152000,153000,153900,154700,155700,156700,157900,159300,160900,162500,164000,165200,166500,167700,168700,169800,170900,172100,173400,174900,176600,178300,180000,181700,183200,184800,186300,187700,189200,190800,192400,194200,196100,198200,200300,202500,204600,207000,209500,212200,215000,218100,221200,224500,227700,230800,233900,237400,241200,245400,250000,254700,259600,264600,269800,275100,280500,286100,292100,298700,306100,314200,323100,332200,340800,348500,355200,361100,366600,372100,377500,383300,389300,395300,400900,405800,409900,413600,416900,419700,422200,424500,426600,428600,430500,432300,433700,433900,433000,431700,430200,428200,425700,423100,419600,414900,409500,404000,398200,391200,383300,375300,367700,359900,351900,344100,335900,326900,317300,307700,298100,289200,281600,274800,268200,261500,254800,248600,242500,235900,229400,223100,217900,215100,214000,213800,214100,214200,214500,214900,214600,214800,215800,216900,217400,217500,216800,215300,213900,213900,213900,213100,213100,213300,212700,211100,208800,206300,205000,203900,202300,201200,201100,201400,202400,204200,205700,206600,207900,209800,211200,212700,215100,218500,221800,225000,228400,232900,238000,244000,250600,256700,261900,266400,270200,273000,274900,277500,280500,283100,285300,288200,291200,292700,293800,295400,297300,298700,300100,301700,303100,303800,305100,307200,308800,309700,311500,314200,316200,317800,319900,321800,322800,323900,326100,328800,332100,335000,336700,338000,340600,343400,344700,344900,345500,347400,349500,351500,354300,357700,360500,363600,366600,368200,369100,371500,374100,375200,375900,378200,381500,384800,387600,388700,387800,387300,389000,391400,395584.2581
4,6071.0,San Bernardino,CA,112500,112300,111900,111500,111100,110700,110300,110000,109800,109700,109600,109500,109400,109300,109400,109500,109700,110000,110200,110600,111000,111500,112000,112400,112900,113400,114000,114400,114800,115100,115500,115800,116400,117000,117600,118200,118800,119500,120300,121000,121700,122400,123000,123600,124400,125400,126400,127400,128300,129300,130200,131000,131800,132600,133500,134400,135500,136700,138000,139100,140200,141400,142700,144000,145200,146500,147900,149200,150700,152200,153800,155400,156900,158500,160300,162200,164300,166700,169100,171700,174300,176800,179200,181900,184800,187900,191200,194700,198300,202200,206500,211200,216400,221800,227400,233500,240000,246800,254100,261900,269700,277300,284700,291600,298500,305000,310900,316700,322500,328100,333800,339400,344700,349900,355000,359900,364800,369400,373900,378700,383500,387500,390400,391800,391300,389400,386800,383400,380300,377500,374800,372600,370700,368200,364900,360500,354700,348300,341900,335500,328800,321300,312300,302400,292200,281500,271000,262000,254400,247500,240500,233800,227400,221200,214900,208900,203100,197000,191500,188000,186000,184600,184100,184500,184200,184000,184900,184700,183200,183100,183800,183500,183200,182900,181800,179900,178400,177800,177400,177100,176500,176100,174800,172900,171300,170300,169700,169600,169000,168500,168900,170100,171200,172600,174100,176000,177500,178500,180100,182400,185400,187900,189900,192400,196500,201100,206400,211200,215500,220000,224100,227000,230700,234500,237400,239800,242200,244100,245800,247500,248900,250300,252300,254100,255100,255500,256400,258300,260400,262100,263500,265200,267100,268900,270600,272300,273800,275600,277600,279600,281900,284100,285800,287700,290200,292600,294400,295800,297700,300000,302400,305000,307500,310400,314400,318200,319800,320500,321500,323300,325300,327500,330100,332400,334700,337500,340100,342600,343900,344100,344000,345100,346500,347400,348131.0963
5,6085.0,Santa Clara,CA,272800,273700,274700,275900,277100,278400,280000,281700,283900,286400,289000,291800,295300,299300,303900,308700,313700,318700,323800,328700,333800,338800,343300,347300,351200,354900,358500,361700,364700,367200,369300,371100,372900,374700,376700,378700,381300,384800,389400,395300,402500,411000,420800,431800,444100,457300,470500,483700,496900,509200,520500,530500,539100,546200,552100,556900,560500,563100,564200,563900,562300,559600,556200,552200,547900,543500,539300,535500,532800,531800,532600,535100,539000,543900,549200,554400,558900,562500,565200,566900,567400,567400,566900,565800,563800,561800,560400,560100,561200,563800,567900,573100,579500,586600,594400,603100,612600,622700,633000,643400,653600,663900,674800,686200,698100,709900,721400,732500,742900,752200,760500,767700,773500,778100,781600,784400,786600,788000,788200,787400,786300,785700,785700,785900,786400,787300,788400,789700,791900,794600,796500,796900,796200,795200,794200,792700,790500,787300,782700,777300,771900,766500,760400,752900,744400,736000,728000,719800,712000,704800,697800,691200,685900,681100,674400,664800,653700,642700,634200,630200,630200,632000,634300,637500,641500,645600,646900,647600,652000,656200,655800,652800,649600,647500,646200,642700,637200,630500,624800,623000,621900,621100,620500,619700,618100,616600,616300,616900,613200,609500,613700,623300,631600,639200,650100,663300,675400,683500,691600,700400,710400,718600,726600,735100,746200,759700,773600,783400,788400,792100,795100,798900,805700,814600,822000,828400,835300,839900,842900,848300,856500,864900,873800,884300,896100,907000,917500,927300,938000,951900,965800,975400,983900,991800,996700,999500,1003300,1008700,1014700,1021200,1028400,1033200,1036600,1040100,1043500,1047600,1054500,1064900,1080200,1096400,1108400,1118100,1125200,1130600,1139500,1154600,1172400,1193600,1219800,1249100,1273100,1299300,1328600,1349800,1363900,1382700,1395500,1396000,1393000,1393200,1387100,1373100,1359100,1351800,1334794.79
6,6001.0,Alameda,CA,202900,202700,202500,202500,202700,203100,203700,204500,205700,207200,208500,209700,211000,212500,214200,216100,218200,220400,222800,225300,228000,230900,233500,235800,237900,240000,242100,244000,245900,247600,249200,250900,253000,255300,257500,259500,261700,264100,266900,270400,274600,279800,286000,292900,300800,309200,317900,326800,335900,344700,352800,360200,366500,371900,376500,380500,384100,387300,390400,393200,395900,398300,400400,402000,403100,403500,403400,402800,402000,401500,401500,402100,403600,406300,409900,414300,419000,423700,428200,432300,435900,439000,441700,444200,446200,447800,449200,450600,452400,455100,458900,463700,469400,475800,482700,490400,498600,507200,516400,526100,536100,546400,557000,567600,578400,589300,599700,610000,620100,629100,636900,643300,648100,651800,654500,656000,656900,657600,658000,657900,657300,656200,654800,653100,651000,649100,647300,645500,644300,644200,643600,642000,639500,636100,631600,626200,619300,611900,604000,595900,587300,578900,569100,558300,547800,538400,529600,522100,515700,510600,506200,502100,498300,495300,491000,485100,478500,471900,465700,461900,460400,461300,463700,466600,469800,471100,470800,470300,470700,472400,474400,473100,470900,467200,463600,460000,454800,447900,443900,440800,436500,430800,427700,427200,427800,425600,421500,419200,419400,419700,421000,423600,426600,430300,434400,440000,446300,454000,462200,469800,476100,482600,491300,503600,519500,536400,551600,562300,570100,576900,583300,588000,591800,596400,601400,608000,613900,618500,622400,627600,631700,636000,641400,647200,652500,658900,667400,676700,685300,693400,701200,708000,714400,720900,724200,727900,734800,741000,743800,747000,751100,754900,756600,759200,760700,762700,766500,772400,779800,789800,796000,797400,799900,805900,814700,821400,824700,829200,837900,847300,856700,870800,886900,896200,900500,906000,908000,905800,907800,913400,917200,917200,914200,910500,987277.3575
7,6067.0,Sacramento,CA,125700,125500,125100,124700,124400,124200,124000,124000,124100,124300,124400,124300,124300,124300,124400,124600,124800,125000,125400,126000,126700,127600,128400,129000,129500,130000,130300,130600,131000,131400,131800,132400,133300,134300,135300,136300,137200,138200,139200,140300,141500,142700,144100,145500,147100,149000,150700,152300,153900,155500,157100,158700,160300,162000,163900,166000,168300,170900,173700,176500,179600,182600,185600,188400,191000,193300,195300,197300,199300,201300,203300,205300,207400,209800,212300,215200,218300,221600,225200,228800,232400,235800,239300,242800,246500,250100,253700,257200,260800,264600,268700,272900,277300,281900,286600,291700,297100,303100,309800,317100,324500,331900,339100,346000,352700,359000,364700,370000,375100,379500,383300,386600,389100,390900,392100,392600,392500,391700,390400,388900,387100,384800,382100,378900,374700,369700,364500,359200,354600,351300,348700,346000,343100,339600,335500,331000,325700,319900,313800,307500,301100,294600,287100,278900,270600,263200,256900,252300,248900,246000,243100,240500,238100,236200,234200,231500,228300,224900,221600,219000,217200,216100,215500,215100,214500,213600,213700,213800,213200,212800,212200,209800,207300,206100,205000,203100,201000,198300,194400,191000,188900,187400,185900,184300,182700,180800,179200,178500,178100,177500,178100,179600,180800,181800,183400,186200,188800,191100,193900,197800,201800,205600,210100,215900,223400,230600,237500,243700,248500,251600,254400,257400,259500,260900,262500,263300,263700,264500,264900,265200,267300,269700,270800,271200,272300,274600,278000,280900,282600,284300,286200,287500,288800,291400,294000,296000,298000,300200,301900,304500,307900,310400,312300,315000,317600,320300,323400,325100,326400,329100,332400,335300,338200,341500,345000,347600,348700,349900,351300,352900,355600,359200,361100,361100,361200,362700,365100,367600,369500,370400,371200,372500,374400,376000,396163.6219
8,6013.0,Contra Costa,CA,193600,192300,191100,190100,189400,189100,189400,190400,192100,194400,196800,198900,200900,202500,204000,205200,206400,207600,208900,210300,211800,213200,214600,215800,217000,218300,219700,220900,221700,222200,222200,222100,222100,222400,223100,224400,226400,229200,232500,236300,240300,244500,249000,253800,258800,264000,269000,274000,279100,284100,289300,294600,300000,305500,311100,316700,322300,327700,332700,337200,341200,344500,347200,349500,351600,353700,356000,358400,360800,363500,366100,368600,371100,373600,376400,379500,382900,386500,390300,394200,398000,401600,404900,408300,411800,415700,419900,424600,429400,434000,438100,441400,444800,448900,454500,461900,470900,481000,492100,503100,512900,521700,530100,538800,548800,560100,572300,585600,599400,612400,623700,632400,638100,641500,643400,643800,642900,641100,638700,635500,631600,627300,622600,617000,611300,607700,607600,609600,611800,611300,606900,599600,591400,583700,577400,571400,564900,557800,550100,541500,532600,523700,514800,504500,491400,475800,459000,444600,434500,426500,418300,410400,402900,395700,388900,382200,375500,368600,363100,360000,358700,357800,357600,357600,357700,357600,357600,358400,360600,363000,364900,366000,365200,363100,360100,356200,350800,346300,342400,338200,333800,331000,328600,325800,323100,319800,316300,313800,312700,312200,312600,314300,316900,320200,324000,327400,331400,336700,342200,347500,353000,359200,366400,374600,383600,392600,401200,408900,415900,422500,429000,435300,441800,447600,451400,454400,457300,459800,462200,464800,467200,470000,474500,480200,485600,490500,495900,501400,506200,511400,517500,522700,526400,529700,532700,535900,539900,543100,545600,548300,551800,556200,561000,565100,568600,572400,577100,582200,586800,591000,594800,598100,600900,603100,604900,607400,609800,611100,612300,614000,616300,620500,626300,631900,636200,641100,646200,650300,652500,654600,655500,654800,652800,651500,677242.23
9,6019.0,Fresno,CA,100800,100600,100400,100100,100000,99800,99800,99800,99900,100100,100200,100200,100100,99800,99600,99200,99000,98800,98800,99000,99400,100000,100600,101100,101500,101900,102200,102300,102400,102400,102400,102500,102500,102600,102600,102600,102700,102800,103100,103500,104000,104700,105400,106300,107200,108100,108700,109100,109200,109400,109500,109600,109800,110100,110400,110800,111400,112200,113100,114200,115400,116600,117800,119000,120200,121400,122500,123600,124800,126000,127400,128700,130100,131700,133400,135400,137500,139700,142000,144500,146900,149300,151700,154200,157000,159800,162700,165800,168700,171700,174600,177400,180300,183300,186700,190600,194900,199600,204500,209700,215200,220800,226600,232400,238400,244300,250100,255900,261800,267200,272200,277000,281400,285500,289300,292700,295600,298000,299800,301200,302100,302500,302300,301200,299500,297200,294500,291700,289100,286700,284400,281700,278700,275300,271700,267800,263800,259400,254600,249500,244200,238900,233900,229100,224600,220400,216400,212500,208800,205400,201900,198400,195000,191900,188900,185700,182300,178800,175500,173200,171700,170400,169200,168200,167800,168000,168100,167800,166800,166000,165800,165000,163200,161300,159900,159200,158400,156900,154300,151700,149700,148000,146600,145500,144400,143400,142700,142000,141600,141500,141600,142000,142300,142900,143700,144300,145200,147100,149200,150700,151600,152300,153400,155100,157500,159800,161700,163900,166100,167800,169500,171300,172700,173900,176100,178800,181200,183000,184000,184700,186000,186800,186900,187400,188400,189100,189900,190800,192300,194000,195500,196800,197600,198300,199400,200400,201200,202200,203500,205000,206900,209200,211200,212800,214300,215900,216900,218200,220100,222000,223900,225700,226900,227500,228400,230000,232100,234000,235000,235600,236600,238900,240800,241400,241800,243000,244400,245400,246000,246700,248200,250000,251600,252500,250825.6406
10,6029.0,Kern,CA,89600,89100,88600,88100,87600,87100,86800,86500,86400,86500,86600,86500,86400,86300,86000,85800,85500,85200,85000,85000,85300,85800,86300,86800,87300,87600,87800,88000,88000,88100,88200,88300,88600,88900,89100,89300,89500,89700,90000,90300,90700,91200,91800,92600,93300,93900,94300,94400,94500,94600,94700,94900,95100,95400,95800,96300,97000,97700,98600,99400,100200,101000,101600,102200,102800,103500,104200,105000,105900,107000,108000,109000,109900,110900,111800,113000,114200,115600,117000,118700,120400,122200,124000,125900,127900,129900,131900,133900,135900,138000,140200,142400,144800,147300,150000,153100,156500,160500,165100,170400,176200,182300,188300,193900,199200,204400,209600,215400,222100,229500,237100,244400,250700,256200,261000,264900,268100,270800,273200,275700,278100,280000,281200,281600,280900,279500,277700,275700,273800,272000,270100,267800,265100,261800,257700,252700,247000,241400,236300,231400,226400,221300,215900,210200,204100,198200,192600,187600,183000,179000,175200,171700,168200,165000,161900,158500,155000,151200,147900,145600,144000,142800,142000,141600,141400,141500,141900,141500,141000,141100,141000,139900,139100,138400,137300,135600,133700,131600,129900,128800,127400,125300,124000,123500,122800,122300,122400,122900,123600,124300,124600,125400,126900,128500,129300,130600,132300,133700,134700,135700,136500,137600,139200,141000,143100,145600,148400,151200,153600,155100,156100,157500,159300,161000,162400,163600,165200,166900,168200,168500,168500,169100,170200,171200,172400,173600,174700,175900,176600,177100,177900,178800,179600,180600,181600,182600,183600,184500,185200,185800,186300,187400,188800,189800,189900,190100,190700,191600,192100,192800,193600,194600,195400,196300,197200,198200,199600,201400,202800,203400,203800,204600,205900,207000,208200,209800,211200,212200,212900,213600,214600,215700,216800,217700,213738.9034
11,6111.0,Ventura,CA,197400,197100,196800,196500,196100,195700,195400,195100,195100,195400,195700,195700,195900,196300,196900,197500,198400,199400,200700,202200,204200,206600,208800,211000,213200,215400,217600,219700,221700,223700,225600,227500,229700,232100,234400,236300,238300,240200,242200,244200,246300,248400,250600,252800,255300,258000,260400,262600,264800,267000,269300,271700,274000,276400,278800,281200,283600,286100,288400,290500,292500,294500,296600,298800,301300,304100,307200,310700,314500,318600,322800,327200,331700,336500,341700,347300,353200,359300,365500,371800,378000,384100,390000,396200,402600,408800,415100,421400,428100,435400,443500,452300,461600,471100,480700,490900,502000,514100,526600,538900,549800,559300,567600,575100,582000,588500,594100,598900,603200,607100,610900,614900,619200,624000,628900,633000,636500,639700,642900,646200,649100,651300,652100,650600,647000,642500,637300,631400,625700,621100,617100,612600,607400,601800,595200,586900,577700,568600,559400,549700,539500,530300,521600,512300,502500,493500,485200,477800,471900,467700,463900,460100,456400,453500,450400,446000,440600,435100,430600,427900,426700,426300,426400,426500,427700,428700,429200,430800,432700,430700,427700,426700,427100,425900,424100,422500,419300,415000,410400,406000,401500,399700,400100,399500,396700,393100,390700,389100,389200,388500,388100,388900,391800,395100,397600,400300,404400,408100,411600,416000,419800,423500,427900,433500,441000,449900,459000,468000,474500,478400,480000,482300,485900,489100,492000,495700,498100,499800,501400,501200,500200,502000,504900,508500,511800,514600,516800,518700,520100,522600,525000,526800,529000,532400,536100,538800,539700,541900,545900,549900,552600,554400,555000,555900,558800,563500,568700,572300,575100,578300,582100,585200,587600,589100,590700,591700,592200,593400,596200,598700,602400,608000,613300,615500,617600,621700,624800,625900,626500,627700,627800,627200,626100,626300,651006.65
12,6075.0,San Francisco,CA,264500,264500,264500,264600,264900,265600,266600,267900,269900,272300,274900,277600,280700,284000,287500,291100,294900,298700,302600,306500,310600,314800,318700,322600,326500,330600,334600,338400,342100,345300,348300,351000,353700,356400,359000,361800,365200,369300,374400,380600,387900,396200,405700,416400,428000,439900,451500,462300,472400,481200,488700,494800,499500,503200,506300,509200,512000,514500,516300,517500,518000,518100,518400,518800,519400,520200,521300,522800,524600,527000,530300,534500,539700,545800,552600,559400,565600,570700,574600,577500,579400,581100,583000,584600,585700,586400,587700,590100,593900,599600,607300,617000,628700,641600,654500,667500,680500,693200,705800,718100,729900,741200,752100,762100,771300,779600,786800,793200,799000,804000,808200,811400,813600,815000,815500,814500,811900,808200,803900,800200,797700,796800,797000,797400,797400,796900,796200,796000,797300,800700,805700,811500,817800,823500,828300,831500,832700,831700,828800,824400,819500,814500,809300,803700,797600,791100,784500,777900,771600,765500,759400,753800,749600,746200,741400,734300,725900,717500,711000,707300,706200,706700,708600,711800,716700,721400,722800,724100,727000,730500,730300,727000,722700,719600,716800,715100,711400,704400,698100,692300,685600,678700,672600,668300,666200,666100,667900,670300,671500,673100,677800,683100,688300,694000,703000,713300,723700,734100,745600,754600,762200,769800,778700,791800,808700,824100,837200,850100,861700,868600,870900,874200,882500,893000,902600,909100,916800,927300,937700,945800,953100,959100,966900,976700,984100,991300,1004400,1024500,1042500,1057800,1073200,1090400,1104700,1115800,1124300,1133500,1141400,1148700,1156200,1160900,1161800,1162400,1163500,1163900,1167000,1175200,1184300,1195500,1210700,1225100,1236100,1247900,1260400,1275300,1290100,1301300,1309400,1319500,1332000,1340600,1345400,1354700,1367000,1376300,1385700,1397800,1410200,1420100,1427300,1435400,1444700,1446800,1446600,1449300,1523683.053
13,6081.0,San Mateo,CA,302200,301700,301100,300700,300600,301000,301800,303300,305300,307900,310800,314000,317700,321700,326200,330800,335600,340400,345200,349900,354700,359200,363100,366500,369600,372600,375500,378400,381200,384000,386800,389600,392600,395800,399200,402900,407300,412500,418700,426000,434200,443200,453000,463300,474300,485400,496400,507100,517600,527700,536900,545000,552000,557900,562900,567300,571000,573700,575300,575500,574300,572200,569500,566500,563500,560700,558200,556400,555300,555400,557100,560600,565700,572100,579300,586700,593300,598900,603400,606800,609100,610900,612300,613400,614100,614700,615500,617100,619900,624100,629700,636800,645600,655600,666200,677200,688100,698600,709100,719700,730100,740500,751300,762300,773600,784100,793300,801700,809900,817700,824900,831000,835900,840100,843300,845400,846300,846600,846700,846200,844900,843300,841700,840000,838400,837300,837200,837900,839900,843500,847500,850600,852700,854200,855100,854800,853400,851100,847200,840400,831000,821300,812600,804400,796600,790100,784500,778200,771300,765100,759900,754700,749400,745000,739800,732300,722900,713600,706400,702700,701700,702100,703700,705600,709000,712900,713600,713600,713500,712500,710100,709100,709000,705800,699100,694600,693200,688800,682000,677900,678100,677500,675400,673800,671900,669300,668600,670700,671100,668900,669100,673200,678400,687100,698500,707200,713900,723300,733300,740900,748800,759100,774700,790700,805700,819200,831300,839500,846300,853300,861400,866800,872300,880700,887300,892100,898700,905400,911300,918900,929000,940800,953000,966700,980900,993800,1007900,1023500,1041900,1063200,1083900,1101800,1119000,1132400,1142200,1148800,1150500,1155800,1166300,1176600,1182300,1188300,1195100,1203400,1207300,1209500,1214800,1226900,1238900,1248900,1258600,1271500,1283300,1292800,1299400,1307600,1321600,1337700,1354500,1377000,1405200,1432500,1455000,1467000,1466800,1464000,1467800,1476800,1481100,1484700,1487500,1480000,1464100,1454100,1742833.3480000002
14,6077.0,San Joaquin,CA,133900,133800,133800,133800,133800,133700,133800,133800,134000,134300,134400,134300,134200,134200,134100,134000,133900,133900,134100,134400,135000,136000,137000,137900,138700,139400,140000,140400,140900,141300,141700,142300,143000,143900,144900,145800,146800,147900,149000,150100,151300,152400,153500,154800,156300,157800,159300,160800,162600,164700,167200,170100,173300,176600,180100,183600,187200,190800,194400,197900,201600,205100,208500,211600,214500,217200,219700,221800,223800,225400,226700,227600,228200,228600,228900,229300,230000,231100,232800,235100,237900,241100,244400,247700,250900,253900,256900,259800,262600,265600,268700,271800,274900,278000,281300,285200,290000,295500,301900,308900,316100,323600,331500,339700,348500,357500,366400,375400,384600,393300,401600,409000,414900,419400,422700,424700,425700,425800,425300,424800,424400,424100,423900,422800,420000,416000,411400,406400,401500,396800,392100,387100,381700,375800,369200,360900,350600,339400,328200,317200,306400,296200,286000,275400,264000,252200,241000,232200,225900,221000,216000,211500,207300,203400,199500,195400,191000,186300,182400,179500,177000,175300,174700,175000,175700,176600,177400,177700,177500,177100,175900,174600,173900,173500,173800,174100,171900,168500,165800,164300,163300,163400,163700,163300,163500,163400,161600,158500,157800,158500,159100,159300,160200,161800,163800,165700,166800,168100,169800,172700,175600,177500,179800,183600,189200,195000,200000,204500,209900,215800,221200,225700,229800,233500,236300,239000,240800,242100,244600,247400,248700,250000,252000,253600,255400,258400,261700,263900,265300,266700,269600,272800,274800,275900,277100,278900,281700,284900,287900,291500,295200,298100,300000,301600,303100,304700,306800,309500,311500,313500,317100,321600,325400,328900,332500,334900,336100,336500,337600,340500,342500,343800,345900,348600,350600,353300,356100,359100,361100,362300,363900,365400,366300,367700,383144.0769
15,6099.0,Stanislaus,CA,112400,112300,112200,112200,112200,112100,112000,112000,112100,112400,112600,112700,112900,113000,113000,113000,112900,112900,112900,113200,113900,114800,115700,116500,117100,117600,117900,118100,118200,118400,118700,119100,119600,120300,121000,121700,122400,123200,124100,125000,126000,127000,128100,129300,130600,131900,133000,133800,134400,135100,135900,137000,138500,140400,142600,145200,148100,151300,154500,157700,161100,164300,167400,170300,172800,175000,176800,178200,179400,180500,181500,182500,183600,184900,186400,188200,190100,192300,194700,197300,200000,202800,205600,208600,211900,215300,218700,222000,225200,228300,231300,234200,237000,239800,242900,246600,250800,255600,261100,267000,273100,279600,286400,293400,300700,308000,315100,322200,329500,336300,342900,349000,354300,359300,364000,367600,370300,372300,373700,374600,374500,373300,371200,367900,363100,357800,352600,347300,342500,338500,335000,331400,327400,322800,317900,311800,304400,296200,287600,278500,268900,259500,249800,239800,229900,220700,212600,205900,200800,196500,192400,188200,184000,180200,176600,172700,168500,164300,160300,156900,154000,152000,150700,149500,148700,148700,148900,149000,149500,150300,150400,150000,150300,150500,149800,149500,149400,148500,146500,144500,143000,141600,139700,138000,136800,135700,134500,134000,133900,133500,134400,136500,138400,139600,141000,142500,143800,144900,146300,148500,151100,153600,155400,157200,159700,163400,169000,174900,179700,183300,186700,189700,192700,195000,197200,200100,203500,206200,209100,211300,212900,214800,217500,219900,221700,223000,224800,226900,228600,230100,231200,232900,235800,238600,240000,241100,242000,244200,246900,248300,248900,251300,254500,257100,258800,260600,263000,265300,266400,268100,270700,272800,275100,278300,281300,283000,283700,285000,288100,289300,289900,293100,298100,301100,302100,302600,303700,304300,304000,304900,306300,307500,309300,310800,311863.6544
16,6097.0,Sonoma,CA,199700,199400,198900,198400,197900,197400,197200,197200,197500,198200,198800,199400,200000,200800,201700,202700,203900,205200,206800,208600,210800,213300,215500,217400,219200,221000,222600,224100,225500,226900,228400,229900,231600,233600,235700,237800,240300,243300,246600,250300,254300,258500,263100,268200,274000,280300,286700,293000,299200,305400,311300,317100,322700,328100,333200,338000,342300,346200,349700,352800,355600,358100,360400,362500,364500,366200,367800,369200,370400,371600,372800,374100,375400,377100,379200,381800,384700,388200,392200,396600,401500,406300,411100,416000,420700,425000,429400,434100,438900,443900,449000,454200,459500,465200,471200,477900,485200,492900,501100,509600,517900,526000,534300,542900,552100,561300,570000,578500,587300,595400,602700,608800,613500,616900,619200,620200,620100,619300,617600,615800,614000,611500,608300,604600,600300,595800,591200,586400,581900,578000,574100,570600,567500,563600,558700,552800,545800,537900,529500,520500,511600,502800,493400,484000,475400,467000,459200,453200,448400,444300,440200,436400,433300,430600,427300,423700,420300,415800,411300,408300,406900,406300,406000,406100,404900,404600,406600,406300,402000,399900,400300,399300,397700,396300,394000,392000,389400,385400,380300,374900,369900,366300,362400,357300,353200,349800,346700,343900,343200,343200,344200,346900,351500,355800,358400,360700,363000,366400,372400,379700,385400,389700,394200,400900,409400,416500,423900,433400,440400,444900,448800,451600,453900,458100,463600,467800,471000,474700,478900,483000,487600,491700,495200,498700,502800,506100,509100,511800,515400,520500,527700,534700,539600,542100,543800,547300,551600,555400,559300,563600,566400,568200,571500,575100,578300,583300,589500,594600,601000,607200,610100,613100,618400,622600,624300,624700,626300,628800,631200,633700,637800,643100,647700,650600,653100,655400,656500,658300,661500,666400,669300,668400,664000,660900,675796.9138
17,6107.0,Tulare,CA,89400,89300,89300,89200,89200,89300,89500,89700,89800,90000,90200,90200,90200,90100,90100,89900,89900,89900,89900,90100,90400,90800,91200,91500,91600,91600,91500,91400,91200,91100,91000,90900,91000,91200,91400,91600,91900,92100,92300,92500,92600,92800,92900,93100,93300,93500,93700,93900,94100,94300,94500,94700,94700,94700,94700,94900,95200,95600,96200,96800,97500,98100,98800,99400,100000,100600,101200,101900,102600,103300,104000,104500,105000,105500,106000,106500,107000,107700,108600,109600,110700,111700,112800,114000,115300,116800,118600,120500,122600,124900,127100,129300,131500,133800,136300,139000,142000,145300,149100,153400,158100,163000,167900,172900,178000,183200,188300,193400,198700,203900,209000,214000,218500,222500,226000,229100,231800,234000,236000,238200,240400,242200,243200,243000,241700,239900,237600,235200,232900,230700,228600,226400,223900,221500,219000,216300,213300,210700,208500,206200,203500,200500,197100,193400,189300,185300,181600,178100,174700,171700,168800,166000,163200,160600,158000,155200,152100,149100,146500,144000,142000,140700,140000,139800,139700,139700,139900,139800,138800,137000,135400,134800,134800,133800,132200,130500,128500,126300,124600,123400,122900,122700,122200,121400,120300,119400,118900,118800,118800,118800,118100,117400,118000,119400,120500,121200,122200,123200,124100,125100,126600,128100,129900,132500,134800,136300,137800,139600,141500,143600,144900,144900,145100,146300,147800,148800,149700,150700,151800,152800,153700,154200,154700,155800,156800,157400,158200,159000,159600,160200,160700,161000,161300,162300,163300,164600,166600,168600,169900,170800,171900,173500,175500,177100,177900,178700,180200,181800,182200,182200,183100,184700,185400,186500,188100,189400,189700,189900,190700,192300,193600,194800,196400,197700,198800,199900,201300,203000,204700,206500,208000,209200,210700,212000,213749.5456
18,6083.0,Santa Barbara,CA,209800,209900,210200,210600,211100,211600,212200,212900,213700,214800,215700,216600,217700,219100,220600,222200,223900,225500,227300,229200,231600,234400,237200,239700,242000,243900,245500,246700,247700,248700,249800,251000,252600,254600,256800,259300,262300,265700,269400,273400,277400,281600,285800,290100,294500,299100,303300,307000,310500,314000,317300,320700,324200,327900,331900,336300,340900,345700,350600,355600,361000,366500,372300,378100,383800,389400,394800,400000,405100,409800,414200,418400,422400,426200,429900,433500,437200,441300,446000,451300,457500,464600,472300,480300,488300,496200,504100,512300,520700,529400,538400,547900,558000,568200,578100,587900,597800,608600,620800,634700,649400,664400,678800,691600,702500,711600,719400,726600,733100,738200,741600,742400,740800,737900,734300,730500,727100,724200,721800,719200,716200,713600,711600,708900,704900,700200,695100,690300,686500,683200,679800,675600,670200,664400,658100,650300,641800,633600,625600,617000,607400,597200,588100,580700,574400,568800,562600,554500,545600,537600,530200,523200,516400,509700,503100,496200,488600,481000,474600,470900,470600,473800,478900,483900,488800,493100,492900,494800,501200,506200,505200,505000,504200,500000,492300,483500,471900,461500,456100,451400,442600,434500,430200,427200,423100,417200,411600,409600,410300,409400,407300,404700,404200,405800,407900,409800,412600,415800,421000,427100,434800,443000,449900,456800,466000,472700,477700,483200,489700,498400,507500,511400,513600,519900,527800,530600,529400,530100,534900,539400,542200,542800,541100,540600,541500,541900,544300,549400,552800,555300,558500,562000,566600,571800,575000,577700,582600,587600,590300,592600,595300,599200,604600,607700,608300,609800,613700,617900,618100,615300,614600,615900,617700,619600,619500,617700,614900,613600,616800,620500,621000,623500,629000,633600,636600,640000,641500,641700,642500,644300,643500,643600,646400,648700,649757.64
19,6053.0,Monterey,CA,192100,191100,190200,189400,188700,188200,187900,187800,188200,188800,189500,190000,190600,191300,191900,192600,193300,194100,195000,196100,197500,199100,200800,202200,203700,205200,206700,208100,209400,210800,212300,213900,215900,218200,220500,222900,225800,228900,232500,236300,240400,244600,249200,254000,259300,265100,271000,276800,282700,288700,294600,300300,305900,311200,316300,321200,326100,330900,335400,339700,343800,347700,351300,354700,357800,360500,362700,364600,366000,367300,368400,369300,370100,371000,372000,373400,375200,377700,380900,384900,389800,395100,400800,406900,413600,420500,427800,435300,442500,449800,457200,464700,472200,479900,488000,496800,506700,517200,528500,540500,553000,566400,580600,595000,609600,623900,637100,649500,661000,670800,679500,686900,692700,697100,700000,701100,700800,699900,698800,697400,695300,692400,689100,684900,679400,673500,667800,662300,657200,652900,648800,643700,636900,628700,619600,608800,595500,581000,566100,550700,534200,517200,500200,483400,466900,452400,440400,430300,420600,411100,402100,393600,385000,376500,368600,360600,351800,342500,334800,330000,327300,326000,326700,329200,332500,334400,335000,336600,340700,344500,345800,345300,345200,343500,338500,331800,326000,321500,318300,315800,313200,311100,308900,306400,303600,301400,299800,299100,299800,301400,301800,300800,301200,303100,303900,303800,304700,306500,308300,311300,314800,318300,323100,328900,334200,339700,346500,353500,361000,371100,382000,390100,394100,397300,401800,406800,410000,412500,415500,419200,421700,422100,422400,422200,423300,426800,431000,434200,437000,438100,438600,440100,442100,443800,445900,450000,454700,458000,460300,463500,468200,474300,481600,488500,493000,496700,501000,504500,506700,509200,513600,517600,520100,522300,524700,526100,527100,527500,527500,528100,530200,532700,534900,537000,539600,543600,549700,555400,558000,559200,562900,568200,572400,574300,589119.4662
20,6095.0,Solano,CA,149300,148900,148500,148100,147700,147500,147300,147300,147500,147800,148100,148400,148700,149000,149300,149600,149800,150100,150400,150800,151600,152500,153400,154200,155100,156100,157100,158000,159000,159900,160900,161900,163200,164500,165700,166900,168100,169400,170900,172600,174600,176800,179400,182300,185500,189000,192300,195400,198500,201700,205100,208600,212200,215900,219600,223300,227100,230800,234500,238100,241600,244900,248100,251000,253600,256000,258300,260600,262700,264800,266700,268400,270100,271900,273900,276000,278500,281300,284500,288000,292000,296200,300600,305300,310100,314900,319600,324100,328400,332800,337300,341900,346600,351200,355700,360400,365700,371600,378100,385100,392100,399300,406600,413600,420600,427300,433900,440900,448700,456600,464100,470600,475700,479500,482200,484000,485700,487500,489300,491500,493600,494700,494200,491700,487300,482000,476300,470600,465500,461500,457900,454600,451500,448100,443900,438400,431700,424100,415800,406500,396000,384700,372100,357900,342800,328600,316300,307000,300000,293800,287500,281900,276700,271800,266700,261300,255900,250900,246100,242100,239000,236800,235600,235400,235900,236500,237100,235600,233500,232500,232300,231900,231300,229600,227800,226500,223800,219300,216000,215100,214600,212100,209200,205700,202800,201800,201100,199100,197500,197500,198600,200900,202700,204400,205400,206800,209000,211700,214000,216500,220100,224800,229900,234400,239700,245900,252400,258900,264800,270500,277200,283000,286800,289800,292100,294800,298600,302700,308200,313900,317800,319000,319500,321100,324200,327200,329700,332200,335400,339000,341700,342800,342900,343900,346000,349100,352000,354100,355600,357100,359700,363700,368300,373000,377800,381600,385000,389200,392800,396100,399400,402100,403700,405400,406400,407500,409300,410800,411500,413000,415600,419000,422900,425700,426900,428900,432300,435900,438000,439200,440500,442700,445200,446900,449169.035
21,6061.0,Placer,CA,178700,178400,178000,177500,177000,176500,176000,175700,175700,175900,176000,175900,175800,176000,176300,176800,177500,178200,179000,180000,181200,182600,183900,185000,186100,187200,188300,189300,190300,191400,192600,193800,195200,196800,198200,199600,201400,203700,206500,209900,213700,217500,221400,225200,229000,232700,236100,239300,242300,245100,247900,250700,253400,256200,259100,262300,265700,269200,272800,276300,280000,283700,287300,290800,293900,296700,299300,301500,303500,305200,306600,307900,309000,310200,311600,313200,315200,317600,320600,323900,327600,331500,335400,339400,343400,347300,351200,355100,358900,362800,366800,370900,375300,380100,385500,391500,398000,404600,411600,419000,426800,435000,443700,452600,461600,470000,477400,484200,490800,496700,501800,506100,509600,512400,514600,516000,517000,517500,517200,516200,514400,511900,508200,503600,498000,491900,485600,479200,473400,468700,464900,461900,459500,457100,453700,449400,444300,438800,432600,425100,416600,408100,399900,392100,385100,379400,374300,369500,364900,361100,357700,354500,351300,348500,345400,341700,337800,333500,329400,326600,324400,322500,320700,319200,317200,314900,315000,315500,313900,311700,310600,309000,306400,303700,301800,300100,299000,298800,297200,294100,290800,288000,285900,284600,285000,285100,285100,286000,287000,286700,286500,287700,290700,293100,294300,296700,299900,303100,306800,311000,316100,321200,325100,329300,334900,342200,350800,358500,364400,369600,373400,376300,377800,378600,380900,384200,385900,386900,387300,387000,387600,389400,390300,391300,393800,396400,398300,400000,402700,406000,407900,409300,410700,412000,413000,413600,413800,415400,418400,420900,423100,426300,430000,432400,433400,434300,436700,440200,444300,447500,448800,450400,454500,458600,461100,463200,465200,467600,470000,470500,468700,470300,476400,482100,484400,486100,488300,490000,490600,491400,493000,496200,501500,506000,544719.4638
22,6079.0,San Luis Obispo,CA,171500,171100,170700,170300,170100,170000,169900,170000,170200,170700,171300,171900,172600,173500,174500,175600,176800,178100,179700,181500,183600,185700,187700,189400,190900,192400,193800,195200,196800,198300,199900,201400,202900,204600,206100,207700,209400,211200,213200,215200,217300,219700,222400,225500,229000,232700,236500,240100,243800,247500,251500,255700,260100,264600,269300,274200,279500,284800,290000,294900,299700,304200,308500,312800,317000,321100,325100,329000,332800,336400,339900,343200,346500,349800,353500,357600,362200,367400,372800,378600,384400,389600,394400,399600,405200,410900,416600,421900,426600,431000,435200,439400,444100,449600,456000,463300,471300,479400,487900,496600,505200,513900,522600,531200,539700,548300,556500,564500,572500,580400,588000,594900,600400,604700,607800,609700,610600,611100,611200,610800,609700,607900,605200,601900,597600,593400,589500,585600,582000,579400,577100,574700,572200,569700,566700,563200,558600,553400,548000,542800,537100,531800,526000,519500,512600,506400,500800,495300,489000,482500,476700,471300,465700,460600,455200,449200,442500,435900,430500,428000,427400,427400,427800,427900,427600,424700,423100,422400,421200,418500,415400,409900,405300,401200,396400,392000,389700,388500,386600,384400,382600,380800,379100,377700,376800,376900,377900,378500,378100,378200,378500,377800,377700,379500,381900,384900,388700,392100,394700,397600,401000,403500,405100,410000,418000,425600,431000,435700,439700,443400,447000,450700,453700,457300,462600,467900,471900,474800,476500,478700,481700,483800,485200,487300,489900,493000,497000,500900,503000,505400,508900,512200,514300,517300,521400,525900,529700,533000,535500,538000,540500,543500,548000,552300,554200,554100,555300,557700,560700,563200,565100,566100,568500,572300,576900,580500,584600,589700,594700,599000,601500,604100,608400,612200,613300,615600,619600,623500,625400,626900,627400,626200,627100,631400,697582.375
23,4023.0,Santa Cruz,CA,235300,233900,232600,231400,230300,229400,228800,228500,228800,229600,230700,232000,233700,235800,238300,241000,243900,246900,250200,253500,257100,260800,264300,267500,270700,273800,277000,280100,283100,286100,289100,292100,295400,298800,302200,305600,309400,313700,318600,324300,330600,337600,345300,353600,362600,371800,380700,388900,396700,403900,410500,416600,422300,427700,433100,438700,444500,450300,455900,460900,465200,468800,471400,473200,474300,475100,475600,476000,476200,476600,477200,478200,479800,482400,485900,490200,494800,499300,503800,508100,512200,515900,519300,522600,525900,529200,532700,536400,540000,543500,547100,550900,555500,561300,568600,577700,588100,599200,610300,621200,632000,643300,655000,666600,678000,688500,698100,707400,716800,725800,734500,742500,749500,755300,759700,763100,766100,768400,769200,767700,763500,757500,750600,743600,737500,732400,727100,721600,717200,714000,712200,711400,710900,710300,708900,706100,703100,700300,696700,691900,685600,676600,665300,653200,642100,633100,625800,618900,613400,608900,604300,599700,596000,592400,588200,582800,576500,570000,564100,559100,555700,553000,550300,548100,548300,549300,549200,550800,553500,553100,551500,552500,549900,543600,540500,537300,529700,524300,522900,519900,513500,509600,507800,503700,497400,494200,493100,492400,491800,491500,491100,491600,494900,498800,500400,504000,510100,514000,515800,521300,529600,536300,542200,549700,559600,569700,578500,585200,592600,599300,603600,607800,612000,615400,618600,621800,623400,625900,632200,639200,644800,651000,657800,662600,667200,671300,675000,679900,684900,687700,690600,694800,700800,708100,714900,717800,716600,716300,721300,730200,739400,748100,753900,755600,756400,758400,759500,762600,770400,779100,782300,782600,785100,790300,795200,799400,804800,812800,821500,829300,834300,839100,846700,851300,850500,850200,851900,853800,857100,858700,858000,857500,858800,859800,928174.2925
24,6047.0,Merced,CA,110100,107900,105900,104400,103400,102700,102300,101900,101400,100700,100200,99900,99700,99900,100200,100600,101100,101600,102000,102300,102500,102600,102900,103300,103600,104000,104300,104600,104800,105000,105300,105800,106200,106900,107600,108400,109100,109900,110600,111200,111800,112300,112800,113500,114300,115200,116200,117100,118100,119100,120200,121300,122600,124100,125800,127900,130200,132500,134900,137200,139400,141400,143300,145100,146800,148500,150100,151600,153100,154700,156300,157900,159700,161500,163400,165400,167400,169600,171800,174000,176200,178500,180800,183200,185600,187900,190300,192500,194800,197100,199600,202300,205000,207900,210800,214200,218200,222900,228700,235100,241400,247700,253900,260100,266900,274300,282200,290600,299600,308500,317200,325000,331600,337300,342200,346000,348300,349200,349000,348100,346600,344900,342800,339100,333700,327900,322600,318000,313900,309600,305300,300300,293900,286600,278500,269200,259300,249700,240500,231800,223400,214900,206900,198900,190500,182200,174700,167800,161900,156400,150800,145600,140600,135500,130600,125800,120700,115400,111300,109500,109400,109600,109600,109400,109700,110300,109900,110200,113200,116300,117000,116900,116600,115900,115400,114800,113400,112400,112400,112400,111200,109900,109100,108300,107000,107000,108000,108400,108200,109400,111300,111800,112000,113200,114300,114800,116000,117200,117800,119000,120700,122100,123800,126100,128100,130900,136000,142200,146000,147600,149500,152600,156200,158200,159300,161300,164300,166100,166600,167100,168700,170300,171400,172800,174200,175300,176400,177300,178100,179800,182200,183800,184900,186700,188500,190000,191500,192500,193400,195300,197800,200200,202800,205600,208300,210500,212300,214100,216400,219500,223100,226500,229100,231100,232600,233800,234800,236200,237700,239500,241600,244100,246400,248300,249500,250700,251700,252600,253800,256200,258700,261300,262800,263600,275539.0356
25,6041.0,Marin,CA,333700,333400,333100,332700,332300,332100,332000,332200,332900,334000,335100,336300,338000,340200,343100,346500,350200,354100,358200,362300,366600,370900,374600,377800,380900,383900,386800,389800,392900,396000,399100,402300,405800,409500,413100,416700,420600,425100,430100,435900,442300,449700,458100,467800,478800,490500,502100,513200,523800,533600,542600,550700,557900,564400,570400,575900,581100,585800,589700,592600,594600,596000,597000,597800,598500,599200,600100,601100,602100,603300,604900,607000,609900,613800,618600,624000,629300,634300,639000,643300,647100,650500,653100,654800,655500,655800,656400,658000,660800,664700,669600,675400,682400,690700,700000,710700,722300,733900,745100,755400,765000,774400,784000,793300,802400,811100,819700,828400,837300,845700,853500,860000,864900,868100,869700,869700,868400,866700,865600,865000,864300,862900,861100,859000,857200,856000,855400,855000,854800,854600,853900,852400,850300,848700,848600,849500,850400,850000,847400,841800,834000,826100,820100,815100,809000,801800,794700,787600,780800,775000,770000,765000,759700,754400,749400,743400,735100,725600,716700,709900,705300,702500,700900,700600,701400,703100,705100,706400,709700,715000,718400,718100,714900,709400,701900,695400,691800,688200,680500,672500,668000,665500,662700,659100,654400,650500,650900,652900,653600,654800,656600,658300,660800,665700,672300,681400,692700,703100,710300,717400,726000,735400,745600,757000,767700,775100,782800,792400,801000,807900,813900,819900,826500,829700,831800,837000,841500,842800,845700,850400,857000,866500,877900,886500,891400,896800,907100,918400,929100,938900,945900,947700,947600,948200,950100,955400,961900,966100,964800,961400,960100,965300,971100,976200,983000,990700,996000,999000,1002400,1008100,1016200,1024900,1032700,1039300,1043900,1047000,1047400,1047500,1052900,1062800,1068000,1075500,1092300,1108900,1118400,1125300,1131200,1138200,1146000,1152800,1157500,1158600,1160800,1165800,1244692.733
26,16023.0,Butte,CA,117500,113300,109500,106200,103700,102000,100900,100300,99900,99500,99500,99900,100700,101900,103500,105300,107100,108600,109800,110600,110800,110500,110000,109600,109100,108700,108300,108200,108200,108300,108700,109300,110000,110800,111800,112900,113900,114900,115700,116300,116900,117500,118100,118900,119800,120700,121700,122800,123900,124900,125800,126600,127400,128300,129400,130600,132100,133700,135500,137400,139300,141200,142900,144600,146200,147700,149300,150800,152300,153800,155300,156800,158300,160000,161900,164000,166200,168800,171500,174400,177400,180400,183500,186900,190400,194100,198000,201900,205800,209500,213100,216500,219800,222900,225800,228700,231900,235400,239200,243100,246800,250400,254100,258000,262000,266300,271000,276200,281700,286900,291600,295700,299100,301600,303300,303800,303600,303200,302600,302100,301500,300400,298600,296100,293500,290900,288500,286400,285000,284500,283900,282900,282100,281200,279900,278500,277100,275900,274100,271500,268100,264600,260800,257000,253500,250000,246300,242800,239900,237600,235300,232800,230400,228700,226700,224500,222300,219800,217200,215900,215700,215700,215500,214800,214700,213600,213300,212200,209400,206600,206700,206900,205500,203300,202600,202900,201000,197600,193900,191300,189100,186900,183800,180900,178600,176300,173800,172700,172500,172800,173000,173200,173600,175600,177900,179500,180500,181700,182900,184200,186200,188500,191800,195700,199700,203200,205600,206700,208000,209800,210900,211200,212000,213300,214300,215000,215300,215600,215700,216100,216700,216900,217200,217700,218200,219000,220100,221500,223300,224600,225500,226700,228200,229400,230700,231700,233200,235300,237000,238700,241100,242800,244100,245600,247000,248900,251200,252800,253700,254000,253700,254000,255300,257100,259100,261300,264400,268300,271800,273500,273400,273700,275600,277300,278300,279500,281500,283700,285400,286600,287600,289500,294200,299300,300226.1237
27,6113.0,Yolo,CA,145500,145300,145200,145100,145200,145400,145700,146100,146600,147300,147900,148400,148900,149200,149300,149400,149500,149600,149900,150300,150900,151500,152200,152800,153400,154000,154700,155400,155900,156400,156800,157300,157600,158000,158300,158400,158600,158900,159400,160100,161000,162100,163400,165000,166900,168900,170900,172900,174900,176800,178600,180400,182300,184400,186700,189400,192500,195700,198900,202100,205200,208200,211300,214600,218100,221800,225600,229400,233100,236500,239800,242900,245800,248700,251600,254400,257200,260000,262900,265900,269000,272500,276400,280900,285800,290800,295900,300900,305700,310400,314900,319300,323800,328300,332900,337800,343300,349600,356700,364600,372800,381000,388900,396500,403800,410600,416600,422600,428800,434400,439500,443800,447100,449600,451800,454000,456500,459000,460900,462200,462400,461300,458800,455400,451000,446100,440600,434800,429200,424600,420600,416900,413700,410000,405500,400500,395200,389900,384400,378600,372500,366100,358500,350700,343600,337500,332000,327400,323500,320000,316800,313700,311300,309300,306400,302400,298400,294400,290300,287300,285400,283900,282600,281200,280700,281200,281600,278800,274200,271300,270100,267600,264200,261400,259200,257400,254600,251600,249900,249300,248300,247100,245600,243800,242200,240600,239900,239400,238500,236600,235800,237100,239100,239900,241200,244500,247900,249900,251300,253600,256400,259200,263100,269500,277400,284500,290500,296100,302300,308500,313400,317100,320200,322000,324100,326700,328800,331400,334800,336700,338300,340900,343600,345600,345900,345800,346700,348600,350400,352800,354200,356400,360300,364500,366600,368500,371700,375900,378500,379600,382800,386100,387500,388200,390200,391800,393400,394500,397100,401900,405000,405600,406600,410000,413500,415600,415700,415800,415800,417800,422800,429400,433900,435600,436100,437100,439200,441100,438700,436900,442300,449800,452900,455000,474216.6406
28,6017.0,El Dorado,CA,159900,159500,159400,159500,159800,160300,160800,161300,161800,162200,162400,162500,162400,162300,162200,162100,162100,162300,162700,163400,164500,165800,167200,168500,169700,170700,171700,172500,173200,173900,174500,175200,175900,176600,177200,177800,178400,179100,180000,181100,182500,184000,185900,188000,190400,193200,196100,198900,201700,204400,207000,209600,212200,215000,218000,221300,224800,228700,232600,236800,241000,245300,249400,253200,256700,259700,262500,265100,267500,269800,271900,273700,275500,277300,279400,281800,284600,287700,291200,295100,299200,303400,307800,312600,317700,322500,327100,331400,335500,339400,343300,347200,351000,354900,358700,363000,368000,374100,381300,389700,398600,407700,416300,424200,431400,438500,445600,453300,461300,468600,475300,481300,486500,490600,493700,495800,497100,497300,496300,494900,493400,491400,488900,485800,482400,479100,476200,474300,473700,473400,472600,471500,470000,466900,462400,457600,452700,447100,440700,433900,427600,421400,415000,409200,404200,398600,392400,386500,381100,375400,369600,364100,359100,353900,348200,342700,337700,332000,325800,320400,316400,313300,311100,310200,310000,309900,310700,309200,305500,303600,303900,303500,301500,299200,297900,296800,293600,291800,291800,290000,285900,283800,283300,282000,280500,280400,280100,278400,276700,275400,274100,273900,274500,274700,274800,275800,277700,280700,283800,286100,288500,291200,294600,299700,306500,312700,318900,326300,333400,337800,340500,343300,345700,346100,346600,349300,353500,356500,357800,358000,358100,358300,360200,364800,370500,373800,374500,375500,377700,380000,381400,382600,383400,384000,384900,386300,387900,389500,392100,396000,400200,404100,407600,410700,413400,415300,417100,418300,419900,421900,423500,424300,426100,428900,431800,434400,437600,440400,442100,443300,445700,450800,456600,460100,462000,463900,465100,466400,469200,473400,476200,478000,481600,486000,507694.2063
29,6089.0,Shasta,CA,101700,101600,101500,101400,101400,101400,101400,101600,101700,101800,101900,102000,102000,102100,102100,102300,102400,102600,102800,103000,103200,103400,103700,103800,103800,103700,103600,103400,103200,103100,103100,103300,103600,104000,104500,104800,105100,105400,105800,106200,106800,107600,108400,109200,110100,111000,111800,112500,113200,113700,114200,114700,115100,115400,115700,116000,116400,116900,117600,118600,119800,121200,122900,124800,126800,129000,131200,133300,135500,137600,139600,141500,143300,145000,146700,148500,150600,153000,155700,159000,162800,166500,170000,173300,176400,179300,182100,184700,187100,189300,191400,193400,195400,197400,199500,202000,205100,208900,213500,218600,223800,229100,234300,239300,244100,248500,252700,257200,262000,266800,271400,275300,278500,281100,283200,284700,285800,286500,287100,288100,289300,290100,290100,288900,286800,284100,281300,278500,276300,274900,274100,273800,273400,272400,270700,268700,266500,264300,262000,259400,256700,253800,250300,246200,241800,237300,233000,229200,226100,223300,220700,218300,216000,213900,211700,209500,207200,204600,202000,199700,198000,196800,195900,195600,194500,193900,195300,194900,190900,186900,184900,183800,182600,180900,179300,178100,177400,176000,172400,169100,169100,170100,169700,168400,167800,167000,165200,163500,162900,162200,162400,163600,164100,164600,166100,167700,168700,170500,173100,174800,175000,175500,176600,178200,179800,181500,183400,185300,186700,187800,189000,190100,191500,193000,193600,194400,196300,198600,200400,201900,203200,204500,206200,208200,209700,210400,211500,213400,214700,215100,214800,214600,215100,216200,217400,218600,220200,221600,222700,223300,224100,225000,225800,226600,227000,227000,227000,227700,229500,231900,234100,236200,238200,239800,240900,242100,243100,243800,244400,245100,245200,245700,247600,249400,250400,251800,253200,254600,256100,257100,257900,258500,259400,260800,268966.0838
30,6025.0,Imperial,CA,112500,111500,110400,109400,108500,107600,106500,105100,103600,102000,100600,99500,99000,99200,100200,102000,104200,106400,108100,108800,108400,107000,104600,101700,98700,95900,93600,91800,90500,89700,89500,89900,91000,92700,94700,96900,99200,101400,103200,104400,105000,105100,104800,104300,103800,103300,102800,102300,101900,101600,101400,101300,101400,101900,102700,103800,105300,107100,108900,110500,112100,113400,114500,115200,115700,115900,116100,116200,116500,116900,117400,117700,118100,118500,118900,119300,119800,120300,121000,121800,122700,123600,124800,126300,127900,129600,131200,132800,134300,136000,137800,139400,141000,142600,144100,145700,147500,149600,152200,155000,158000,161200,164900,168900,173300,177900,182600,187600,193300,199400,205700,211800,217300,222200,226600,230800,234900,238700,242300,245600,248300,250400,251700,252100,251800,251000,249800,247900,245700,243300,241200,239600,238500,237300,235600,233200,230300,227400,224400,221100,217400,213200,208200,202100,195000,187200,179100,172300,167700,164000,159800,155400,150900,146700,142900,139400,136200,133000,129600,126600,124900,124400,124300,123700,122800,122700,122700,122300,121700,121900,123700,125900,126000,124700,123900,123600,123300,122700,122300,122500,122500,122500,122200,120900,119200,118300,117700,117800,118500,119100,119600,119900,120100,120200,120100,120300,120500,120100,119500,120000,121700,122900,123600,124600,126900,128900,130300,132400,135100,137000,138000,138800,139300,140100,140900,140300,138200,136000,135100,135200,136000,137600,139400,140400,140900,141000,140800,141600,143400,145400,146800,147500,148000,149000,150400,151200,151000,151500,154300,157600,161000,165100,169300,172900,175800,177200,178300,179700,181300,182900,184600,186300,188000,189400,190300,189500,188300,188500,189600,190700,192300,193900,194600,195800,197900,199900,202200,205000,207600,210300,213300,214800,215500,216200,220562.1687
31,36047.0,Kings,CA,88900,88800,88700,88800,88900,89200,89700,90300,91000,91700,92500,93100,93600,93900,94100,94200,94100,94000,93800,93500,93100,92700,92500,92200,92100,92100,92200,92400,92700,93100,93400,93800,94300,94700,95300,95900,96400,96900,97400,97800,98000,98000,98000,97900,97700,97600,97600,97500,97400,97300,97200,97100,97000,97000,97200,97400,97700,98200,98700,99300,99900,100500,101100,101600,102200,102700,103300,103900,104600,105200,105900,106400,107000,107600,108100,108700,109500,110400,111500,112600,113900,115300,116700,118200,119900,121600,123600,125700,127900,130200,132400,134700,137100,139600,142000,144500,147200,150000,153200,156800,160600,164500,168600,172900,177200,181500,185900,190500,195500,200500,205300,209700,213500,216800,219800,222500,225100,227400,229400,231300,232900,234400,235400,236100,236500,236400,235900,235000,234000,233200,232500,231700,230500,228900,226900,224600,222300,220200,217900,215400,212700,209800,206400,202500,198300,194300,190600,187500,185100,183000,180700,178300,175800,173600,171500,169300,167200,165200,163100,160700,158600,157400,156800,156400,155900,155700,155400,155500,155800,156100,155900,154100,150800,147600,146100,145600,144500,142900,141300,139100,136500,134800,134100,135100,136500,136700,136200,135100,133900,132800,131900,131700,132900,134000,135600,136800,136900,136400,135600,135400,136400,138500,141400,145100,147000,146400,144900,145000,146900,149100,150000,152000,154900,156300,155900,155600,156000,157300,158300,158700,159900,162100,164500,165200,164200,163500,163900,163800,163900,165000,166200,167000,167800,168500,169200,170000,171000,171800,172900,174100,174900,175700,177200,178700,179800,180800,181800,183000,184700,187000,189500,191400,193000,194200,195000,195300,195500,195900,196800,197800,198400,198900,199000,199000,200000,202500,204900,206500,207200,209000,210800,211400,211000,211300,210911.0981
32,6039.0,Madera,CA,121200,121200,121200,121200,121200,121200,121400,121500,121700,122000,122500,122700,122600,122400,122000,121300,120500,119700,119000,118400,118100,118200,118600,119100,119600,120100,120400,120500,120400,120000,119200,117700,115700,113600,111600,109700,108200,107300,107100,107300,107800,108400,108800,108900,108800,108600,108300,108000,107700,107500,107600,107900,108400,109100,110000,111100,112100,113300,114500,115500,116500,117400,118200,119100,120000,121000,122000,123000,124200,125700,127500,129400,131300,133200,134900,136600,138100,139800,141500,145000,149500,153000,155500,158400,161600,164800,168100,171300,174500,177800,180900,183700,186400,189500,193100,196800,200700,204800,209300,214300,219900,226200,233300,240900,249000,257600,266100,274300,282100,289200,295700,301400,306200,310100,313200,315300,316700,318200,320200,322500,324900,327100,328500,328400,326800,323900,320100,315500,310900,306600,302900,299400,296000,292600,289300,285700,281500,276600,271300,265900,259600,252300,244600,236800,228700,220800,213200,206400,200400,194100,187700,182000,176600,171200,166200,161400,156400,151000,146600,143900,142000,139800,138600,139300,140900,142200,143400,144800,145200,144300,143700,144200,143600,143100,143200,142300,140600,140400,140000,137500,136300,138000,138500,136200,135400,137000,137800,136200,134200,131500,130200,131600,134200,135900,137400,138700,140200,142700,144900,146900,149200,152600,154400,154200,153600,154000,155300,158300,161300,162700,163300,164700,166900,169200,171900,175200,178100,179900,180900,181000,180300,179700,180800,183000,185100,185800,186100,186800,187700,188900,190800,192100,192600,192600,192500,192500,192800,193300,194600,195600,196300,196900,198200,199400,200600,201600,203200,205400,207700,209600,211700,213900,216200,218700,221000,223300,224900,225000,224700,225500,226600,228200,231100,234300,236400,237600,238800,241300,244100,245900,246900,248200,249000,248800,250993.5269
33,6055.0,Napa,CA,185100,186400,187600,188700,189700,190500,191300,192000,193100,194500,195800,196700,197800,198800,200000,201300,202500,203600,204800,205800,206900,208100,208600,208500,208200,207800,207400,207100,207000,207100,207600,208500,210200,212700,215400,218500,222000,226000,230300,234900,239700,244800,250100,255800,261900,268200,274200,279800,285200,290500,295600,300500,305200,309800,314200,318400,322700,327000,331100,335000,339100,343000,346700,350100,353200,356100,359200,362300,365500,369000,372700,376700,381100,385700,390700,396100,401700,407700,413900,420600,427600,434300,440800,447100,453100,458800,464600,470900,477800,485300,492600,499300,505200,510700,515900,521100,526500,532500,539800,548200,557100,566100,575300,584400,593800,603100,612000,621300,631200,640600,649000,655600,660000,662900,664800,665300,664900,664000,662600,661600,660700,658700,655600,652000,648300,645500,642900,640000,637700,636500,635500,635000,634300,631400,626400,620300,613600,606400,597600,587000,577500,570400,564100,558200,551900,542800,531300,520900,513900,509400,504100,496800,490200,485300,480700,476100,470700,463300,454800,447100,441200,437000,432900,427900,424900,424800,427500,423700,413900,406500,404400,403400,402400,399000,397800,400500,400200,394100,385500,378300,372000,370400,373600,377800,377500,374900,374300,377100,377800,374300,371300,372100,378500,387300,393100,394800,393700,392000,391700,393300,397200,403900,411400,419600,428900,437200,444200,452200,461800,470700,476600,480300,484400,486900,487300,490600,497100,501700,503500,506300,511900,520300,526600,529300,533600,540200,545600,550000,554400,557700,559300,559500,560100,563000,566700,570200,573600,578700,584200,587600,589900,593400,598900,603700,608700,615000,620100,622800,625900,631500,638700,644000,645400,643700,640000,637000,638100,642100,645200,645600,644900,648100,655000,661300,664100,665100,667800,673200,678600,681600,683700,685600,688800,692200,700258.9388
34,32013.0,Humboldt,CA,120200,118300,116200,114000,112000,110300,109000,107700,106200,104700,103200,102100,101800,102200,103300,104700,106200,107500,108500,109100,109600,109600,109300,108800,108100,107400,106900,106400,106200,106000,106000,106100,106400,106800,107200,107600,108100,108500,109000,109300,109600,110000,110400,110900,111700,112700,113600,114400,115100,115600,116000,116300,116700,117100,117600,118300,119200,120200,121300,122400,123500,124400,125300,126200,127100,128000,129100,130200,131500,132900,134500,136100,137900,139700,141600,143600,145600,147700,149800,152000,154400,156900,159300,161600,163700,165900,168300,170900,173500,176100,178600,180800,183000,185400,188000,190900,194000,197600,201600,205800,210300,215000,219800,224500,229100,233500,238000,243100,248800,254600,260000,264700,268400,271500,274300,276600,278700,280500,281900,283200,284300,284400,283500,281400,278400,275600,273400,271800,271100,270800,270400,270000,269600,268800,268000,267700,267700,268100,268700,268400,267200,265500,262900,260300,257800,254900,251800,249100,246600,244600,242700,240300,237900,235900,234000,232900,232500,231600,231000,231200,231200,230900,230600,230000,228400,227400,228200,227200,223500,222000,221900,221800,222500,222300,220400,220000,218900,216000,213700,212200,210800,209100,207300,205100,203700,202200,200800,200400,201300,202400,202100,200700,200000,199500,199000,198200,197000,196600,197600,198300,199400,200900,201000,201100,202400,203400,204100,205700,206400,206600,207700,209300,210500,211800,213500,214300,213700,213100,212500,211300,210200,209000,206800,204600,203900,204000,205100,207900,211400,213800,215700,218900,223700,228200,231400,233100,233700,234200,235600,238500,241300,243500,246000,249000,251800,256100,261400,266400,270200,272600,273600,274300,276000,279000,282000,282700,280600,277600,275700,275500,276300,278000,280200,282200,284100,287100,289900,291100,291800,293600,294700,293200,291700,291700,309501.6094
35,5099.0,Nevada,CA,166300,164300,162500,160900,159500,158500,157700,157100,156600,156100,155700,155400,155400,155900,156800,158000,159400,160700,161900,163100,164200,165000,165800,166600,167200,167900,168600,169400,170300,171500,172700,174100,175600,177300,179100,180900,182700,184700,186700,188800,191000,193400,196100,199100,202600,206300,210300,214300,218500,222800,227100,231300,235200,238900,242300,245400,248400,251300,254200,257100,260000,262600,265000,267300,269500,271700,273900,276200,278600,281200,283900,286600,289300,291800,294200,296700,299400,302400,305800,309700,314000,318200,321800,325200,328400,331100,333700,336300,338900,341700,344500,347200,349800,352600,355600,358900,362800,367600,373500,380600,388500,397500,407400,417700,428000,437800,446400,454400,462500,470300,478000,484900,490300,493900,496200,497300,497600,497600,497600,498300,499700,501100,501900,501100,498300,494200,490200,486800,484400,482500,481100,480100,479000,477300,474900,471600,467300,462400,457100,451400,445300,438300,430700,423000,415000,406600,398400,391600,386400,382300,378900,376300,373800,370700,366900,363000,358700,354100,349800,346100,342900,340600,339100,338400,336600,334600,334700,335200,332900,328600,324100,319800,316500,314200,310100,302500,295500,293300,291800,288100,284600,283900,282500,280400,277100,272300,268400,267600,267600,266100,264200,263400,263200,262100,263300,266300,269200,272200,276100,279500,282200,283300,283400,284600,289500,296300,301800,305800,312200,319000,323300,327300,331900,334700,338000,344100,348300,349300,350100,351100,350800,349800,349800,349000,348200,350300,353400,354000,356000,360700,364500,366300,367300,367100,367100,369100,371100,372300,373900,375500,375800,376200,378400,381400,384200,387600,391800,396000,400600,404000,404500,404800,405800,407400,408800,411600,414400,417900,420600,422800,425800,431500,437800,442800,447600,451200,453100,453700,454600,456900,460400,464000,465500,465200,457015.4969
36,6101.0,Sutter,CA,134800,134700,134500,134200,134000,133300,132200,130600,128600,126600,124500,122100,120100,118500,117500,117200,117300,118100,119300,121000,123100,125200,126900,128000,128500,128400,127800,126800,125600,124500,123300,122200,121400,121000,120800,120500,120300,120400,120500,120900,121400,121900,122400,122500,122300,122000,121800,121400,121300,121500,122100,122900,123800,125000,126300,127800,129400,131200,132900,134500,136000,137400,138700,139900,141100,142400,143900,145500,147300,149400,151600,153900,156200,158600,160900,163400,165800,168300,170900,174500,178700,182400,185500,188900,192600,196400,200300,204000,207500,210600,213500,216100,218500,221100,224200,227700,231600,236100,241100,246600,252200,258000,264100,270000,276200,282500,289000,295500,301600,307000,311600,315200,317800,319600,320500,320300,319000,317300,315800,314500,313300,312100,310700,308800,306400,303700,300900,297800,294500,291300,288600,286000,283400,280500,277000,273000,268700,264400,260600,257400,254300,250700,246300,240800,234000,226000,217700,211100,207200,204100,201000,198100,195100,191700,188600,186000,183600,180900,178200,176400,175200,173500,171800,170400,170000,169300,168300,168300,169700,171600,172900,171800,168200,164700,161600,160300,160300,159800,157200,154300,152200,151700,152600,154100,154600,155700,157000,156400,153300,150700,149700,149200,148600,148100,148000,147800,148700,150000,151400,153000,155400,160300,167400,172800,174000,174600,176500,180500,185500,189700,192300,193300,194800,196200,197300,197900,199900,202300,204100,204500,204500,204800,206300,207100,207600,208700,209500,210300,212100,213900,215100,216400,217900,219100,220900,223600,226000,226700,227200,228700,230900,232500,233400,234800,236900,238900,240600,243500,247300,250000,251500,253400,256200,260300,264000,265900,267200,268300,269600,272000,273200,273400,275200,279300,282600,284100,284500,285200,285400,285300,286000,287200,289000,289900,291878.2388
37,6045.0,Mendocino,CA,302400,298000,293500,289300,286000,283900,282700,282200,281000,278800,276000,272300,267900,263500,259700,256200,252400,247900,242400,236100,228500,220500,213100,206300,199900,194800,191100,188600,186900,185600,184100,182000,178700,174900,171200,167800,164600,161800,159300,156900,154800,152900,151400,150400,149900,149900,150700,152000,153800,155600,157400,159000,160500,161900,163400,165000,166800,168900,171000,173000,174900,176600,178000,179000,180000,181000,181900,183000,184500,186400,188700,191100,193800,196700,199700,202800,206100,209400,212700,216100,219400,222400,225200,227800,230200,232600,235200,238300,241900,245800,249500,252900,256300,259800,263700,267700,271800,276200,281600,288400,296600,305400,314200,322900,331600,340200,348400,356500,364300,370700,374400,374200,370600,366000,363000,362000,362400,363300,364000,364600,365600,367000,368500,369800,370700,371500,372400,373100,373600,374100,373600,372100,370300,368800,367600,366300,364300,361700,358000,352700,346000,339200,332600,326300,320900,316900,313300,309600,305500,301300,297400,293100,288600,284600,280500,275600,270800,266900,264300,263500,263300,262500,261400,260100,259200,257900,257100,256600,256200,256600,257300,256000,255000,255100,254200,251300,246900,243200,242600,241900,238100,231700,225600,220800,217500,215000,212900,213100,215400,217500,218200,220900,224600,226100,225300,225500,225600,225500,227400,230300,231100,230300,229100,230000,232400,235200,237800,240800,243100,244700,246600,249900,253600,255700,256000,255300,255700,257900,259400,260100,261500,262900,262200,260900,263300,269700,275700,278400,279800,282000,285100,287100,288000,289400,291700,294200,296400,298400,300200,301800,303900,307000,311100,315100,317300,318800,321100,324000,326200,328100,329600,330600,332300,335600,339500,342500,344300,345600,346800,347400,348100,350000,352500,354000,354500,355500,357100,359500,364900,371500,374800,371500,365100,360600,357529.97
38,6115.0,Yuba,CA,137100,137500,137600,137400,137000,136600,135900,135000,134000,133000,131700,130000,128300,126800,125400,124400,123800,123400,123200,123200,123300,123600,123900,123800,123800,123800,123800,123800,123700,123700,123700,123900,124400,125200,126200,127200,128300,129300,130200,130600,130700,130500,129900,129100,128200,127300,126300,125000,123800,122800,122000,121400,121000,120900,120700,120300,119600,118600,117400,115900,114500,113500,113000,113000,113600,114900,116700,119100,121900,125000,128400,131700,135000,138100,140900,143400,145800,148000,150200,153300,156900,159600,161300,163300,165500,168000,170900,174000,177300,180500,183600,186400,189100,192000,195400,199000,202700,206300,210100,213900,217900,222100,226500,231000,235900,241400,247600,254800,262600,269900,276300,281700,286000,289800,293300,296100,298200,299600,299900,299500,298600,296900,294200,290400,285900,281400,277400,273400,269500,265800,261800,258300,256100,255100,255100,255300,254200,250900,245300,238400,231600,225600,219800,214200,208200,201500,194500,188800,185000,182400,180000,177900,176000,173900,171500,169000,166600,163900,161200,158900,157200,155800,154600,153700,152700,152100,152600,151900,149200,147200,146800,146300,145800,145400,144400,143100,141700,140300,139500,138800,137900,136800,135700,134600,133600,132700,131500,130100,128800,128200,128000,127600,127100,127000,127700,129100,131200,133400,135700,137900,140200,143400,147700,151900,155600,159100,163400,168600,170700,171100,174300,180000,184700,186000,182500,181600,187100,193500,194700,191200,187300,185500,184100,183500,183800,184500,185700,187800,189400,190900,192100,191600,190900,191600,192500,193400,194800,195600,196500,197800,198900,199700,201700,205500,210800,215200,218100,219600,221000,222700,225200,226600,226700,226900,228800,231900,235900,239500,241900,243700,245300,247800,251800,254800,255300,255200,254800,254800,255700,256500,256500,255700,255300,256000,254139.7403
39,6069.0,San Benito,CA,206600,206800,207000,207100,207200,207100,207200,207500,208400,209800,211800,214200,217400,221200,225800,231200,237500,244700,252500,260700,269300,277600,285000,291200,296200,299400,300500,299400,296400,291900,286400,280400,274400,268800,263900,259600,256500,254800,254600,255900,258700,262900,268400,275000,282900,291500,300200,308900,317500,325800,333600,340800,347300,352900,357700,361800,365200,367800,369400,370100,370200,369700,368700,367500,366200,365100,364300,363900,364000,364500,365300,366100,367000,368000,368900,369900,370800,371800,373200,374700,376300,378100,379900,381600,383400,385600,388300,391400,394800,398000,401000,403800,406900,410900,416200,422900,431200,440900,452100,464100,476200,488700,501700,514800,528100,540900,553100,565200,577200,588100,597700,605100,609800,612700,614400,615100,615000,613800,612100,610000,607900,606300,605500,604200,602200,600100,598800,597700,596500,594200,590700,585700,578600,568900,557000,541700,523800,504900,486100,468000,450700,434000,418500,403100,386800,370300,355100,343900,337700,333600,329300,325500,322100,318400,314800,311100,307600,303800,301200,300400,301200,302600,304700,306900,308700,310900,311600,312700,316800,321700,324200,325600,326000,326000,325000,321900,318300,316200,315300,313600,311600,310800,310600,309800,309100,308800,308900,309700,310700,311400,312700,314000,315000,316800,319300,321500,324100,327500,331000,334600,338100,342300,348500,355100,360600,366600,374100,381200,385100,386200,387200,390200,394600,398200,400900,404100,406900,407900,407800,407600,407300,407800,409300,411700,414300,417600,421400,426100,431100,437000,444400,451800,459800,468400,476300,483400,488700,492000,495200,498700,502100,505700,508300,509500,511200,512800,513200,512900,513400,513700,512900,512400,513000,513500,513600,512600,510300,507700,505300,503000,502300,504000,506000,508900,511500,513000,515300,519300,521200,521400,525000,531200,535900,536800,547795.8063
40,6009.0,Calaveras,CA,136600,136200,136000,136000,136100,136100,136200,136100,136100,136100,136100,136000,135900,135900,135800,135800,135800,136000,136200,136700,137400,138300,139400,140500,141600,142700,143700,144600,145300,145800,146200,146500,146800,147100,147700,148300,148900,149600,150200,150900,151800,152900,154100,155400,156900,158400,159800,161000,162000,162800,163500,164100,164800,165700,166800,167900,168900,169800,170400,170900,171300,171900,172800,173900,175300,176900,178700,180700,182700,184900,187100,189400,191900,194500,197300,200200,203200,206300,209500,213000,216500,219500,221800,223900,226000,228100,230600,233300,236400,239900,243500,247300,251300,255900,261300,267700,274500,281300,287900,293900,299400,304700,310100,315700,321800,328100,334500,341500,348900,355700,361700,367100,371900,376200,379600,382200,384100,385500,385800,386500,388300,389700,389900,388800,386200,382100,377100,371600,367600,364700,362000,361500,363400,364200,362200,358900,355800,353800,352600,351000,348900,344700,337300,329900,324000,316400,306600,297800,291200,286100,281300,276700,273200,269200,263700,259200,257100,253700,248400,243400,239600,236600,234300,232700,230200,228100,229300,223800,211100,205300,210100,216200,219700,219400,218700,217800,215200,211700,208700,205100,200600,194300,188400,185400,183400,181900,181100,180600,179200,179500,181900,185700,187700,188000,187100,185200,183500,183000,182600,183200,185200,187300,189500,193800,199900,206800,211700,213100,212900,213500,213400,211900,211700,212300,213000,215800,221300,226800,229800,232000,234200,237300,240000,240600,239700,238700,236700,235100,235600,236200,236900,238700,241600,244200,245100,245600,248000,249800,249600,249200,249700,250500,252800,256500,259600,261600,263800,265600,267500,269900,270600,270300,271800,274600,276600,277700,278000,278200,279600,283200,286800,289100,291200,293700,296700,298500,296400,294300,294800,294900,296200,300000,303800,305500,306862.8063
41,6093.0,Siskiyou,CA,115800,115900,115800,115400,114900,114000,113100,111900,110700,109300,107600,105500,103200,101000,98700,96600,94700,93100,91900,91400,91600,92400,93700,95100,96700,98400,100000,101400,102700,103700,104700,105500,106400,107300,107800,108000,108100,107900,107600,107100,106500,105800,104900,103800,102600,101400,99900,98300,96800,95600,94800,94300,94100,94000,94100,94100,94100,94100,94100,94000,94100,94500,95000,95600,96200,96600,96900,97100,97300,97400,97500,97700,98000,98600,99200,100100,101100,102300,103700,105600,107800,110300,112900,115400,117700,119800,121800,124000,126500,129000,131500,133800,135900,138200,140700,143600,146800,150000,153400,156600,159800,163100,166500,170100,173700,176900,179900,183100,186700,190600,194700,198900,202800,206300,209600,212500,215000,217100,218600,220000,221400,222700,223600,224000,223900,223600,223300,223000,222800,222800,222400,221900,221500,220800,219600,218200,216400,214500,212700,210800,209100,207700,205800,203600,200800,196900,192200,188300,185500,183400,181200,179100,177100,175200,172900,170600,168800,166900,164700,162700,160900,159300,157800,156500,155000,152800,152300,151400,148700,146000,145200,144200,143600,143000,141900,140500,138700,137300,135800,134500,133600,132800,131400,130300,129500,128700,127600,126600,125700,125000,124000,122900,122200,121500,121100,121200,122000,122800,123700,125000,126400,128000,129600,131200,133400,135800,138500,139300,136800,133300,131500,131900,133400,135100,136700,138900,141300,143500,144900,146000,147100,148100,148600,147800,147100,146600,146400,146100,146300,148000,150900,152400,152700,153600,155000,155400,155300,154700,154400,155300,156100,155900,156300,157800,159900,161400,162400,163300,163500,163700,164500,164800,164300,163900,162500,164500,171900,179300,182400,183900,184800,186000,187100,188000,189100,190100,190600,189500,185800,184600,187700,191600,194400,196600,194958.6275
42,6005.0,Amador,CA,138800,138500,138300,138100,138100,138100,138300,138500,138700,139100,139400,139600,139700,139800,139800,139900,139900,139900,140000,140300,140700,141400,142100,142800,143500,144300,145000,145600,146100,146500,147000,147600,148300,149100,150000,150900,151600,152100,152500,152800,153100,153400,154000,154600,155500,156500,157600,158700,159700,160700,161700,162600,163400,164000,164300,164500,164500,164500,164700,165200,166200,167400,168900,170300,171700,173100,174400,175900,177400,179100,180700,182200,183900,185700,187600,189700,192200,194900,197800,201200,204900,208500,211900,215200,218500,221900,225500,229200,233000,236800,240300,243500,246500,249700,253200,257000,261200,265800,270900,276500,282400,288600,295300,302100,309200,316200,322900,329600,336300,342500,348100,353000,356900,360000,362400,363900,364600,364500,363700,362900,362100,361300,360100,358300,355600,352600,349800,347100,344800,342800,340700,338800,337400,335900,334100,331900,329000,325900,322800,319900,317200,314300,310700,306500,300800,293300,284700,277000,270900,265600,260300,255200,250400,245500,240100,235000,230200,225200,220700,217500,215400,214200,213600,213300,213000,212500,212400,211200,208500,206500,205400,203300,200700,198300,195400,191800,187900,184500,181100,177600,174800,172700,170800,169100,168200,168100,168400,168600,168700,169000,169300,169400,169700,171100,173000,174900,177300,180400,183900,187500,191300,195100,198800,202600,206400,210500,214800,219500,220000,215800,210900,208400,205500,203300,203700,207400,211600,214500,216800,218800,221400,223600,224700,224300,225500,227000,228600,230400,232900,234800,235700,235500,236000,237800,239700,241100,242500,243900,245100,246300,248000,249900,251700,253800,255600,257300,260300,264300,268000,270400,271800,272900,274000,275600,276900,277100,278200,281400,285600,288100,290500,294400,297900,299300,298800,297700,297400,298800,299800,301700,304800,308200,310500,311600,311416.3763
43,6021.0,Glenn,CA,123100,122100,120900,119600,118300,116900,115600,114200,112900,112000,111600,111200,110900,110600,110300,110200,110300,110500,111000,111500,112100,113000,114300,115600,116700,117700,118400,119000,119500,120000,120500,120900,121200,121900,122900,123700,124300,124700,124700,124500,124200,124000,123800,123600,123500,124000,125100,126300,127500,128700,129900,131000,132300,133700,135200,136700,138200,140200,142600,145000,146800,147900,148100,147600,146400,144900,143100,140800,138400,136600,135800,135400,135100,134800,134600,134600,134800,135400,135900,138400,141500,140800,135700,130000,125600,123500,123400,124900,127100,129500,132100,134300,136400,139000,142600,146700,151000,155100,158900,162500,165900,169200,172600,175600,178800,182800,187700,192900,198300,203100,207200,210600,213400,215700,217800,219300,220100,221000,222200,223500,224700,225400,225400,224900,224000,222800,221800,220600,219300,218400,217600,217000,216200,214900,212900,210600,207900,205100,202200,199300,196700,194300,191900,189300,186100,181900,177200,173400,170800,168900,166800,164900,163000,161000,158900,157100,155500,153700,151800,150100,148600,147200,146000,145000,144200,143600,143400,142000,139100,137000,136700,136000,134700,133300,132000,130400,128800,127500,126300,125300,124900,124800,124600,124500,124400,124300,124100,124100,123900,123600,123400,123300,123600,124200,124800,124900,125000,125300,125800,126300,126700,127400,128500,129800,131300,132900,134400,136100,137600,138800,140000,141600,143400,144900,145900,147000,148400,149600,150500,151500,152500,153500,154500,155300,156400,157600,158900,160500,162200,163500,164800,166300,167700,169000,169800,170600,171200,171600,172400,173600,174900,175900,176700,177100,177700,178200,179000,179800,180700,181700,183000,184500,185600,186300,186700,187300,188100,189500,191400,193600,195500,197200,199100,201000,202900,204700,206100,207800,209900,211800,213200,214500,215800,216900,217068.6372
44,6011.0,Colusa,CA,124100,123400,122500,121400,120300,119200,118200,117100,116200,115900,116000,116100,116200,116200,116300,116400,116700,117000,117400,117800,118300,119300,120700,121800,122900,123800,124400,124900,125200,125500,125800,125900,126200,127000,128200,129400,130500,131500,132400,133200,133800,134500,135200,135800,136500,137800,139500,141100,142700,144000,145000,145700,146300,146700,147200,147400,147500,148100,149300,150400,151200,151600,151600,151200,150700,150200,150000,149500,149200,149800,151400,153200,155000,156700,158300,159600,160900,162000,162600,165900,168800,165700,157000,148800,142300,138400,137000,137600,139200,141200,143400,145200,147200,150500,155000,159900,164600,168600,172200,175700,179300,183100,187300,191200,195500,201500,209000,217400,226600,235500,243600,250900,257400,263100,268100,271800,274700,277700,280700,283200,285500,287200,287700,287500,286400,285100,283900,282300,280500,279200,277500,275200,272900,270000,266100,261800,257100,252200,247500,242700,238000,234100,230100,225700,221300,216300,210400,205800,202700,200400,198000,195600,193100,191000,188400,185700,183600,181800,179100,176000,172600,169100,165600,162300,160300,156700,155100,153000,148300,143000,141400,139700,138100,136500,134900,133400,131600,130400,129300,128300,127700,127900,127700,127200,126800,126600,126300,125700,124900,124200,123200,122400,122100,122500,122400,122300,122400,122500,122600,123200,124100,125300,126700,128700,131600,134900,138100,140900,143300,146000,149900,154200,157800,161200,164500,168500,172400,175600,178100,180400,182100,183100,183900,184800,185600,185900,185800,185900,186400,186300,185700,185900,186400,187000,187400,187400,187800,189100,190200,190300,189300,188300,188400,189600,190500,190400,189800,189400,189200,189300,189900,190600,191500,192800,193800,194500,195400,196700,198100,199700,201400,203400,205200,206600,208600,211100,212500,213500,215500,218600,221400,223300,224500,225600,230750.31
45,6063.0,Plumas,CA,148900,148600,148300,147900,147400,147000,146500,145900,145300,144500,143400,141800,139900,137800,135600,133300,131000,129000,127200,125700,124700,123900,123400,123000,122900,123100,123500,124000,124500,125100,125600,126000,126500,126900,127100,127300,127500,127800,128200,128800,129700,130900,132400,134300,136600,138900,141200,143200,145100,146600,147700,148200,148300,148100,147700,147400,147200,147200,147200,147300,147400,147700,148200,148700,149400,150200,151100,152200,153400,154800,156100,157600,159300,161100,163100,165100,167200,169300,171600,173800,176400,179400,182600,185600,188600,192000,195500,199100,202900,206900,210800,214200,217200,219800,222600,225800,229500,233700,238400,243500,248700,253900,259000,264000,269300,274700,279700,285000,290500,295700,300700,305800,310700,315500,320100,324000,327200,329500,331000,332700,334900,336700,338100,339000,339200,339000,338900,338700,338900,338900,338100,337600,337500,336500,334300,331500,328100,324300,320600,317000,313700,310300,305900,301600,297100,291100,284000,278500,275000,272500,270000,267700,265700,263400,260300,257800,256500,254800,252400,249600,246400,243000,239700,237100,233500,230900,231700,228800,220100,213700,211300,208100,204900,201800,198500,194800,191100,187900,184700,182500,181500,180700,179700,178900,178100,177200,176300,175300,174600,174200,173300,172600,173300,175300,176500,177200,178000,178800,179100,179700,180500,181100,181600,182800,185300,188500,191000,192800,194100,194600,194700,195000,195100,195200,195500,196000,197000,198900,199800,200100,201200,202300,202100,201800,201600,202300,203600,205300,208000,212400,216000,218000,220000,221600,221500,222000,223700,225400,226300,229100,226000,213700,208900,212000,215000,220200,228900,232100,234500,236400,237800,238900,242100,241400,238800,237200,235000,229000,229000,235400,243000,247800,251100,253400,256500,262700,265500,263400,260500,262000,265300,268500,269600,270200,265457.4694
46,6027.0,Inyo,CA,124000,123900,123800,123800,123800,124000,124100,124200,124400,124400,124300,124100,123900,123800,123800,123900,124000,124200,124400,124600,124800,124700,124500,124100,123700,123400,123200,123300,123600,124000,124600,125200,125900,126500,127000,127500,128100,128800,129700,130700,131900,133000,134100,135100,136000,136800,137300,137800,138200,138900,139800,141000,142300,143800,145300,146700,148100,149100,149800,150300,150800,151400,152200,153300,154500,155900,157300,158800,160400,162000,163400,165000,166900,169400,172500,176400,180900,185900,191100,196300,202800,211400,221700,231900,241700,249600,255300,258500,260200,261600,263600,266400,269800,273500,277700,282900,288900,295000,301000,306200,310100,312800,314600,316100,317500,318700,319900,321500,323800,326900,330900,335500,340400,345500,350500,355100,358800,361600,363500,365400,367500,369900,372300,374800,376800,378800,380800,382600,384000,385000,385100,384800,384700,384300,383200,381700,379600,377200,374400,371500,368300,365100,361300,356500,350000,341900,332800,325300,320100,316100,311900,307900,303900,299900,295600,291200,287100,283000,279000,276000,273800,272100,270700,269700,269300,267700,266900,265900,263700,261500,261600,260900,259100,257100,254800,252000,248500,245400,242600,239900,237700,236100,234400,232200,229900,227700,225500,223300,221300,219600,217800,216100,214600,213700,213200,212900,212800,212700,213000,213800,214600,215800,217700,220400,223700,227100,230600,234300,237700,240800,244100,247300,250500,253500,256300,259200,261900,264300,265900,267500,268800,270100,271400,272400,273300,274400,275700,277200,279200,281600,284300,286400,288800,291200,293400,295500,298500,301400,303400,305800,309200,311900,313800,315400,316500,316800,317300,318600,320500,322600,324500,325700,326600,328600,330900,332600,334200,336400,338900,340600,341700,343400,345400,346300,346600,346200,345900,346900,348900,351000,352400,354000,355600,356300,361025.0788
47,6043.0,Mariposa,CA,114800,114900,114900,114800,114900,115100,115500,115900,116500,117500,118600,119500,120200,120600,120800,120900,121000,121200,121500,121800,122500,123600,125000,126200,127300,128000,128500,128800,129000,129000,129000,128700,128500,128400,128500,128400,128000,127600,127300,127100,127100,127400,128000,128600,129500,130900,132600,134100,135300,136300,137100,138000,139000,140200,141600,142900,144200,145700,147200,148000,148000,147200,145900,144200,142400,140700,139300,137900,136800,136700,137300,138000,138400,138700,138800,138700,138600,138500,138000,138600,138500,134900,129200,125300,124000,124900,127000,129600,132200,134700,137100,139400,141800,144900,148600,152000,155400,158900,162600,166400,169800,173100,176400,180000,184100,189000,194300,199500,204500,209100,213400,217600,221800,225600,228500,229900,230300,230600,231300,231800,231800,231500,230900,230400,229700,229000,228200,227200,226600,226500,226800,226800,226300,224900,222900,220600,218100,215700,213500,211600,210100,208500,206500,203800,200300,195700,190400,185600,181600,178100,174700,171600,168700,165800,162800,159800,157100,154100,151400,149600,148400,147400,146600,146300,146300,146200,146200,145500,144200,143500,143700,143700,142600,141400,140200,139000,137000,134900,133300,132200,131400,131000,130200,129100,128800,129000,129000,128800,128400,128100,127900,127700,127800,128200,128700,129200,129600,129900,130600,131000,131400,132600,134200,135400,136600,138400,140000,141400,142800,144500,145600,146800,148500,149900,150900,152600,154800,156100,157200,158600,159800,160300,160800,161900,163000,163500,165000,167900,170700,173000,175500,177700,179200,181000,183000,184800,186800,189400,191300,192400,193600,194600,195700,197400,199400,200900,202500,203800,206000,208600,210400,211500,213100,214700,216200,216700,216300,216000,217000,219400,222200,224300,226500,228700,230900,233300,235700,238400,240800,242900,244600,245200,245200,245400,243360.7969
48,6051.0,Mono,CA,149500,149100,148700,148200,147600,146900,146200,145400,144700,144000,143300,142400,141700,141200,140900,140800,141000,141300,141900,142500,143400,144400,145200,145900,146700,147500,148300,149200,150000,150800,151600,152200,152800,153300,153700,153900,154400,155200,156300,157600,159000,160500,162200,163700,165200,166700,167900,168800,169700,170700,171800,172900,174000,175200,176600,178100,179700,181300,182900,184700,186900,189500,192500,195700,199100,202600,206400,210200,214000,217800,221600,225500,229700,234400,239700,245500,251900,259100,266800,277100,291700,308700,325800,343000,358800,371600,382200,391500,400300,409000,417700,425700,432900,440500,449400,459700,471100,483400,496200,508600,519200,527900,535100,540600,544700,548100,551500,555300,560400,567100,575200,584100,593100,602400,612200,621000,628300,634200,639300,644500,650000,655600,660800,664600,666300,666800,666800,665400,663000,659700,655400,650700,645700,640200,634200,627100,618700,609700,600700,591600,582800,574100,565300,555500,543000,527900,511800,498700,490000,483700,477200,471400,466100,460500,454500,448900,443500,437500,432400,429500,428700,428800,429500,430800,432100,432600,432700,432800,432800,433000,433000,431600,427800,423000,417400,411200,403900,397300,391900,387100,382900,379600,377000,374400,371500,368200,365400,362300,358900,355900,353800,352000,351300,352300,353600,355000,357100,359700,362300,365300,369100,374500,379900,384200,389000,394600,399800,404700,409200,412300,414700,417000,419600,421600,422200,422300,422300,422700,423700,424400,426000,428700,430600,431000,432300,434200,436600,440400,444300,446600,447600,448400,448400,448100,447500,447100,446700,446400,447000,447500,446800,446000,444600,444100,446400,450900,454900,458900,463900,469600,475800,482600,489600,495100,500800,500600,492600,482400,480200,485900,492600,495900,501400,506600,510500,514100,519600,528500,538400,547900,558300,565800,569700,572000,664919.7713
